target,candidate,members,weights,r2
Q0_TOTAL_ASSETS,B1,B1,1.0,0.37171166587152094
Q0_TOTAL_ASSETS,B2,B2,1.0,0.5587405683214817
Q0_TOTAL_ASSETS,B3,B3,1.0,0.22737451606538794
Q0_TOTAL_ASSETS,B1+B2,"B1,B2","0.0,1.0",0.5587405683214817
Q0_TOTAL_ASSETS,B1+B2,"B1,B2","0.1,0.9",0.5568794594964931
Q0_TOTAL_ASSETS,B1+B2,"B1,B2","0.2,0.8",0.5512757325781694
Q0_TOTAL_ASSETS,B1+B2,"B1,B2","0.3,0.7",0.5419293875665108
Q0_TOTAL_ASSETS,B1+B2,"B1,B2","0.4,0.6",0.5288404244615171
Q0_TOTAL_ASSETS,B1+B2,"B1,B2","0.5,0.5",0.5120088432631886
Q0_TOTAL_ASSETS,B1+B2,"B1,B2","0.6,0.4",0.49143464397152503
Q0_TOTAL_ASSETS,B1+B2,"B1,B2","0.7,0.3",0.46711782658652645
Q0_TOTAL_ASSETS,B1+B2,"B1,B2","0.8,0.2",0.4390583911081929
Q0_TOTAL_ASSETS,B1+B2,"B1,B2","0.9,0.1",0.40725633753652446
Q0_TOTAL_ASSETS,B1+B2,"B1,B2","1.0,0.0",0.37171166587152094
Q0_TOTAL_ASSETS,B1+B3,"B1,B3","0.0,1.0",0.22737451606538794
Q0_TOTAL_ASSETS,B1+B3,"B1,B3","0.1,0.9",0.24786021697414795
Q0_TOTAL_ASSETS,B1+B3,"B1,B3","0.2,0.8",0.2670010321210975
Q0_TOTAL_ASSETS,B1+B3,"B1,B3","0.3,0.7",0.2847969615062368
Q0_TOTAL_ASSETS,B1+B3,"B1,B3","0.4,0.6",0.3012480051295656
Q0_TOTAL_ASSETS,B1+B3,"B1,B3","0.5,0.5",0.3163541629910841
Q0_TOTAL_ASSETS,B1+B3,"B1,B3","0.6,0.4",0.3301154350907922
Q0_TOTAL_ASSETS,B1+B3,"B1,B3","0.7,0.3",0.34253182142869
Q0_TOTAL_ASSETS,B1+B3,"B1,B3","0.8,0.2",0.3536033220047774
Q0_TOTAL_ASSETS,B1+B3,"B1,B3","0.9,0.1",0.36332993681905434
Q0_TOTAL_ASSETS,B1+B3,"B1,B3","1.0,0.0",0.37171166587152094
Q0_TOTAL_ASSETS,B1+B2+B3,"B1,B2,B3","0.0,0.0,1.0",0.22737451606538794
Q0_TOTAL_ASSETS,B1+B2+B3,"B1,B2,B3","0.0,0.1,0.9",0.29033194007172425
Q0_TOTAL_ASSETS,B1+B2+B3,"B1,B2,B3","0.0,0.2,0.8",0.3466625154601213
Q0_TOTAL_ASSETS,B1+B2+B3,"B1,B2,B3","0.0,0.3,0.7",0.3963662422305789
Q0_TOTAL_ASSETS,B1+B2+B3,"B1,B2,B3","0.0,0.4,0.6",0.4394431203830972
Q0_TOTAL_ASSETS,B1+B2+B3,"B1,B2,B3","0.0,0.5,0.5",0.4758931499176764
Q0_TOTAL_ASSETS,B1+B2+B3,"B1,B2,B3","0.0,0.6,0.4",0.505716330834316
Q0_TOTAL_ASSETS,B1+B2+B3,"B1,B2,B3","0.0,0.7,0.3",0.5289126631330164
Q0_TOTAL_ASSETS,B1+B2+B3,"B1,B2,B3","0.0,0.8,0.2",0.5454821468137774
Q0_TOTAL_ASSETS,B1+B2+B3,"B1,B2,B3","0.0,0.9,0.1",0.5554247818765994
Q0_TOTAL_ASSETS,B1+B2+B3,"B1,B2,B3","0.0,1.0,0.0",0.5587405683214817
Q0_TOTAL_ASSETS,B1+B2+B3,"B1,B2,B3","0.1,0.0,0.9",0.24786021697414795
Q0_TOTAL_ASSETS,B1+B2+B3,"B1,B2,B3","0.1,0.1,0.8",0.3087030828372769
Q0_TOTAL_ASSETS,B1+B2+B3,"B1,B2,B3","0.1,0.2,0.7",0.3629191000824664
Q0_TOTAL_ASSETS,B1+B2+B3,"B1,B2,B3","0.1,0.3,0.6",0.4105082687097168
Q0_TOTAL_ASSETS,B1+B2+B3,"B1,B2,B3","0.1,0.4,0.5",0.4514705887190279
Q0_TOTAL_ASSETS,B1+B2+B3,"B1,B2,B3","0.1,0.5,0.4",0.4858060601103995
Q0_TOTAL_ASSETS,B1+B2+B3,"B1,B2,B3","0.1,0.6,0.3",0.513514682883832
Q0_TOTAL_ASSETS,B1+B2+B3,"B1,B2,B3","0.1,0.7,0.2",0.5345964570393251
Q0_TOTAL_ASSETS,B1+B2+B3,"B1,B2,B3","0.1,0.8,0.1",0.5490513825768787
Q0_TOTAL_ASSETS,B1+B2+B3,"B1,B2,B3","0.1,0.9,0.0",0.5568794594964931
Q0_TOTAL_ASSETS,B1+B2+B3,"B1,B2,B3","0.2,0.0,0.8",0.2670010321210975
Q0_TOTAL_ASSETS,B1+B2+B3,"B1,B2,B3","0.2,0.1,0.7",0.32572933984101915
Q0_TOTAL_ASSETS,B1+B2+B3,"B1,B2,B3","0.2,0.2,0.6",0.3778307989430014
Q0_TOTAL_ASSETS,B1+B2+B3,"B1,B2,B3","0.2,0.3,0.5",0.4233054094270444
Q0_TOTAL_ASSETS,B1+B2+B3,"B1,B2,B3","0.2,0.4,0.4",0.46215317129314804
Q0_TOTAL_ASSETS,B1+B2+B3,"B1,B2,B3","0.2,0.5,0.3",0.4943740845413124
Q0_TOTAL_ASSETS,B1+B2+B3,"B1,B2,B3","0.2,0.6,0.2",0.5199681491715373
Q0_TOTAL_ASSETS,B1+B2+B3,"B1,B2,B3","0.2,0.7,0.1",0.538935365183823
Q0_TOTAL_ASSETS,B1+B2+B3,"B1,B2,B3","0.2,0.8,0.0",0.5512757325781694
Q0_TOTAL_ASSETS,B1+B2+B3,"B1,B2,B3","0.3,0.0,0.7",0.2847969615062368
Q0_TOTAL_ASSETS,B1+B2+B3,"B1,B2,B3","0.3,0.1,0.6",0.34141071108295107
Q0_TOTAL_ASSETS,B1+B2+B3,"B1,B2,B3","0.3,0.2,0.5",0.3913976120417261
Q0_TOTAL_ASSETS,B1+B2+B3,"B1,B2,B3","0.3,0.3,0.4",0.4347576643825617
Q0_TOTAL_ASSETS,B1+B2+B3,"B1,B2,B3","0.3,0.4,0.3",0.4714908681054578
Q0_TOTAL_ASSETS,B1+B2+B3,"B1,B2,B3","0.3,0.5,0.2",0.5015972232104149
Q0_TOTAL_ASSETS,B1+B2+B3,"B1,B2,B3","0.3,0.6,0.1",0.5250767296974326
Q0_TOTAL_ASSETS,B1+B2+B3,"B1,B2,B3","0.3,0.7,0.0",0.5419293875665108
Q0_TOTAL_ASSETS,B1+B2+B3,"B1,B2,B3","0.4,0.0,0.6",0.3012480051295656
Q0_TOTAL_ASSETS,B1+B2+B3,"B1,B2,B3","0.4,0.1,0.5",0.3557471965630725
Q0_TOTAL_ASSETS,B1+B2+B3,"B1,B2,B3","0.4,0.2,0.4",0.40361953937864026
Q0_TOTAL_ASSETS,B1+B2+B3,"B1,B2,B3","0.4,0.3,0.3",0.4448650335762685
Q0_TOTAL_ASSETS,B1+B2+B3,"B1,B2,B3","0.4,0.4,0.2",0.47948367915595735
Q0_TOTAL_ASSETS,B1+B2+B3,"B1,B2,B3","0.4,0.5,0.1",0.5074754761177069
Q0_TOTAL_ASSETS,B1+B2+B3,"B1,B2,B3","0.4,0.6,0.0",0.5288404244615171
Q0_TOTAL_ASSETS,B1+B2+B3,"B1,B2,B3","0.5,0.0,0.5",0.3163541629910841
Q0_TOTAL_ASSETS,B1+B2+B3,"B1,B2,B3","0.5,0.1,0.4",0.3687387962813836
Q0_TOTAL_ASSETS,B1+B2+B3,"B1,B2,B3","0.5,0.2,0.3",0.41449658095374387
Q0_TOTAL_ASSETS,B1+B2+B3,"B1,B2,B3","0.5,0.3,0.2",0.4536275170081647
Q0_TOTAL_ASSETS,B1+B2+B3,"B1,B2,B3","0.5,0.4,0.1",0.4861316044446464
Q0_TOTAL_ASSETS,B1+B2+B3,"B1,B2,B3","0.5,0.5,0.0",0.5120088432631886
Q0_TOTAL_ASSETS,B1+B2+B3,"B1,B2,B3","0.6,0.0,0.4",0.3301154350907922
Q0_TOTAL_ASSETS,B1+B2+B3,"B1,B2,B3","0.6,0.1,0.3",0.38038551023788447
Q0_TOTAL_ASSETS,B1+B2+B3,"B1,B2,B3","0.6,0.2,0.2",0.42402873676703734
Q0_TOTAL_ASSETS,B1+B2+B3,"B1,B2,B3","0.6,0.3,0.1",0.4610451146782508
Q0_TOTAL_ASSETS,B1+B2+B3,"B1,B2,B3","0.6,0.4,0.0",0.49143464397152503
Q0_TOTAL_ASSETS,B1+B2+B3,"B1,B2,B3","0.7,0.0,0.3",0.34253182142869
Q0_TOTAL_ASSETS,B1+B2+B3,"B1,B2,B3","0.7,0.1,0.2",0.39068733843257486
Q0_TOTAL_ASSETS,B1+B2+B3,"B1,B2,B3","0.7,0.2,0.1",0.43221600681852035
Q0_TOTAL_ASSETS,B1+B2+B3,"B1,B2,B3","0.7,0.3,0.0",0.46711782658652645
Q0_TOTAL_ASSETS,B1+B2+B3,"B1,B2,B3","0.8,0.0,0.2",0.3536033220047774
Q0_TOTAL_ASSETS,B1+B2+B3,"B1,B2,B3","0.8,0.1,0.1",0.3996442808654549
Q0_TOTAL_ASSETS,B1+B2+B3,"B1,B2,B3","0.8,0.2,0.0",0.4390583911081929
Q0_TOTAL_ASSETS,B1+B2+B3,"B1,B2,B3","0.9,0.0,0.1",0.36332993681905434
Q0_TOTAL_ASSETS,B1+B2+B3,"B1,B2,B3","0.9,0.1,0.0",0.40725633753652446
Q0_TOTAL_ASSETS,B1+B2+B3,"B1,B2,B3","1.0,0.0,0.0",0.37171166587152094
Q0_TOTAL_LIABILITIES,B1,B1,1.0,0.6357224875711011
Q0_TOTAL_LIABILITIES,B2,B2,1.0,0.861749312870751
Q0_TOTAL_LIABILITIES,B3,B3,1.0,0.41107539063721044
Q0_TOTAL_LIABILITIES,B1+B2,"B1,B2","0.0,1.0",0.861749312870751
Q0_TOTAL_LIABILITIES,B1+B2,"B1,B2","0.1,0.9",0.8577681970712232
Q0_TOTAL_LIABILITIES,B1+B2,"B1,B2","0.2,0.8",0.8496489553315983
Q0_TOTAL_LIABILITIES,B1+B2,"B1,B2","0.3,0.7",0.8373915876518763
Q0_TOTAL_LIABILITIES,B1+B2,"B1,B2","0.4,0.6",0.8209960940320571
Q0_TOTAL_LIABILITIES,B1+B2,"B1,B2","0.5,0.5",0.8004624744721407
Q0_TOTAL_LIABILITIES,B1+B2,"B1,B2","0.6,0.4",0.7757907289721271
Q0_TOTAL_LIABILITIES,B1+B2,"B1,B2","0.7,0.3",0.7469808575320163
Q0_TOTAL_LIABILITIES,B1+B2,"B1,B2","0.8,0.2",0.7140328601518084
Q0_TOTAL_LIABILITIES,B1+B2,"B1,B2","0.9,0.1",0.6769467368315033
Q0_TOTAL_LIABILITIES,B1+B2,"B1,B2","1.0,0.0",0.6357224875711011
Q0_TOTAL_LIABILITIES,B1+B3,"B1,B3","0.0,1.0",0.41107539063721044
Q0_TOTAL_LIABILITIES,B1+B3,"B1,B3","0.1,0.9",0.4448056114312523
Q0_TOTAL_LIABILITIES,B1+B3,"B1,B3","0.2,0.8",0.47603238531403813
Q0_TOTAL_LIABILITIES,B1+B3,"B1,B3","0.3,0.7",0.5047557122855675
Q0_TOTAL_LIABILITIES,B1+B3,"B1,B3","0.4,0.6",0.5309755923458409
Q0_TOTAL_LIABILITIES,B1+B3,"B1,B3","0.5,0.5",0.554692025494858
Q0_TOTAL_LIABILITIES,B1+B3,"B1,B3","0.6,0.4",0.575905011732619
Q0_TOTAL_LIABILITIES,B1+B3,"B1,B3","0.7,0.3",0.5946145510591238
Q0_TOTAL_LIABILITIES,B1+B3,"B1,B3","0.8,0.2",0.6108206434743723
Q0_TOTAL_LIABILITIES,B1+B3,"B1,B3","0.9,0.1",0.6245232889783647
Q0_TOTAL_LIABILITIES,B1+B3,"B1,B3","1.0,0.0",0.6357224875711011
Q0_TOTAL_LIABILITIES,B1+B2+B3,"B1,B2,B3","0.0,0.0,1.0",0.41107539063721044
Q0_TOTAL_LIABILITIES,B1+B2+B3,"B1,B2,B3","0.0,0.1,0.9",0.4942785678450845
Q0_TOTAL_LIABILITIES,B1+B2+B3,"B1,B2,B3","0.0,0.2,0.8",0.5690071261675094
Q0_TOTAL_LIABILITIES,B1+B2+B3,"B1,B2,B3","0.0,0.3,0.7",0.6352610656044857
Q0_TOTAL_LIABILITIES,B1+B2+B3,"B1,B2,B3","0.0,0.4,0.6",0.693040386156013
Q0_TOTAL_LIABILITIES,B1+B2+B3,"B1,B2,B3","0.0,0.5,0.5",0.7423450878220916
Q0_TOTAL_LIABILITIES,B1+B2+B3,"B1,B2,B3","0.0,0.6,0.4",0.7831751706027212
Q0_TOTAL_LIABILITIES,B1+B2+B3,"B1,B2,B3","0.0,0.7,0.3",0.8155306344979019
Q0_TOTAL_LIABILITIES,B1+B2+B3,"B1,B2,B3","0.0,0.8,0.2",0.8394114795076337
Q0_TOTAL_LIABILITIES,B1+B2+B3,"B1,B2,B3","0.0,0.9,0.1",0.8548177056319168
Q0_TOTAL_LIABILITIES,B1+B2+B3,"B1,B2,B3","0.0,1.0,0.0",0.861749312870751
Q0_TOTAL_LIABILITIES,B1+B2+B3,"B1,B2,B3","0.1,0.0,0.9",0.4448056114312523
Q0_TOTAL_LIABILITIES,B1+B2+B3,"B1,B2,B3","0.1,0.1,0.8",0.5245888187108223
Q0_TOTAL_LIABILITIES,B1+B2+B3,"B1,B2,B3","0.1,0.2,0.7",0.5958974071049434
Q0_TOTAL_LIABILITIES,B1+B2+B3,"B1,B2,B3","0.1,0.3,0.6",0.6587313766136158
Q0_TOTAL_LIABILITIES,B1+B2+B3,"B1,B2,B3","0.1,0.4,0.5",0.7130907272368392
Q0_TOTAL_LIABILITIES,B1+B2+B3,"B1,B2,B3","0.1,0.5,0.4",0.7589754589746137
Q0_TOTAL_LIABILITIES,B1+B2+B3,"B1,B2,B3","0.1,0.6,0.3",0.7963855718269395
Q0_TOTAL_LIABILITIES,B1+B2+B3,"B1,B2,B3","0.1,0.7,0.2",0.8253210657938163
Q0_TOTAL_LIABILITIES,B1+B2+B3,"B1,B2,B3","0.1,0.8,0.1",0.8457819408752442
Q0_TOTAL_LIABILITIES,B1+B2+B3,"B1,B2,B3","0.1,0.9,0.0",0.8577681970712232
Q0_TOTAL_LIABILITIES,B1+B2+B3,"B1,B2,B3","0.2,0.0,0.8",0.47603238531403813
Q0_TOTAL_LIABILITIES,B1+B2+B3,"B1,B2,B3","0.2,0.1,0.7",0.5523956226653042
Q0_TOTAL_LIABILITIES,B1+B2+B3,"B1,B2,B3","0.2,0.2,0.6",0.6202842411311213
Q0_TOTAL_LIABILITIES,B1+B2+B3,"B1,B2,B3","0.2,0.3,0.5",0.6796982407114895
Q0_TOTAL_LIABILITIES,B1+B2+B3,"B1,B2,B3","0.2,0.4,0.4",0.7306376214064092
Q0_TOTAL_LIABILITIES,B1+B2+B3,"B1,B2,B3","0.2,0.5,0.3",0.7731023832158798
Q0_TOTAL_LIABILITIES,B1+B2+B3,"B1,B2,B3","0.2,0.6,0.2",0.8070925261399015
Q0_TOTAL_LIABILITIES,B1+B2+B3,"B1,B2,B3","0.2,0.7,0.1",0.8326080501784744
Q0_TOTAL_LIABILITIES,B1+B2+B3,"B1,B2,B3","0.2,0.8,0.0",0.8496489553315983
Q0_TOTAL_LIABILITIES,B1+B2+B3,"B1,B2,B3","0.3,0.0,0.7",0.5047557122855675
Q0_TOTAL_LIABILITIES,B1+B2+B3,"B1,B2,B3","0.3,0.1,0.6",0.5776989797085297
Q0_TOTAL_LIABILITIES,B1+B2+B3,"B1,B2,B3","0.3,0.2,0.5",0.6421676282460429
Q0_TOTAL_LIABILITIES,B1+B2+B3,"B1,B2,B3","0.3,0.3,0.4",0.6981616578981074
Q0_TOTAL_LIABILITIES,B1+B2+B3,"B1,B2,B3","0.3,0.4,0.3",0.7456810686647228
Q0_TOTAL_LIABILITIES,B1+B2+B3,"B1,B2,B3","0.3,0.5,0.2",0.7847258605458896
Q0_TOTAL_LIABILITIES,B1+B2+B3,"B1,B2,B3","0.3,0.6,0.1",0.8152960335416073
Q0_TOTAL_LIABILITIES,B1+B2+B3,"B1,B2,B3","0.3,0.7,0.0",0.8373915876518763
Q0_TOTAL_LIABILITIES,B1+B2+B3,"B1,B2,B3","0.4,0.0,0.6",0.5309755923458409
Q0_TOTAL_LIABILITIES,B1+B2+B3,"B1,B2,B3","0.4,0.1,0.5",0.600498889840499
Q0_TOTAL_LIABILITIES,B1+B2+B3,"B1,B2,B3","0.4,0.2,0.4",0.6615475684497083
Q0_TOTAL_LIABILITIES,B1+B2+B3,"B1,B2,B3","0.4,0.3,0.3",0.7141216281734688
Q0_TOTAL_LIABILITIES,B1+B2+B3,"B1,B2,B3","0.4,0.4,0.2",0.7582210690117804
Q0_TOTAL_LIABILITIES,B1+B2+B3,"B1,B2,B3","0.4,0.5,0.1",0.7938458909646432
Q0_TOTAL_LIABILITIES,B1+B2+B3,"B1,B2,B3","0.4,0.6,0.0",0.8209960940320571
Q0_TOTAL_LIABILITIES,B1+B2+B3,"B1,B2,B3","0.5,0.0,0.5",0.554692025494858
Q0_TOTAL_LIABILITIES,B1+B2+B3,"B1,B2,B3","0.5,0.1,0.4",0.6207953530612123
Q0_TOTAL_LIABILITIES,B1+B2+B3,"B1,B2,B3","0.5,0.2,0.3",0.6784240617421177
Q0_TOTAL_LIABILITIES,B1+B2+B3,"B1,B2,B3","0.5,0.3,0.2",0.7275781515375741
Q0_TOTAL_LIABILITIES,B1+B2+B3,"B1,B2,B3","0.5,0.4,0.1",0.7682576224475818
Q0_TOTAL_LIABILITIES,B1+B2+B3,"B1,B2,B3","0.5,0.5,0.0",0.8004624744721407
Q0_TOTAL_LIABILITIES,B1+B2+B3,"B1,B2,B3","0.6,0.0,0.4",0.575905011732619
Q0_TOTAL_LIABILITIES,B1+B2+B3,"B1,B2,B3","0.6,0.1,0.3",0.6385883693706693
Q0_TOTAL_LIABILITIES,B1+B2+B3,"B1,B2,B3","0.6,0.2,0.2",0.6927971081232708
Q0_TOTAL_LIABILITIES,B1+B2+B3,"B1,B2,B3","0.6,0.3,0.1",0.7385312279904234
Q0_TOTAL_LIABILITIES,B1+B2+B3,"B1,B2,B3","0.6,0.4,0.0",0.7757907289721271
Q0_TOTAL_LIABILITIES,B1+B2+B3,"B1,B2,B3","0.7,0.0,0.3",0.5946145510591238
Q0_TOTAL_LIABILITIES,B1+B2+B3,"B1,B2,B3","0.7,0.1,0.2",0.6538779387688702
Q0_TOTAL_LIABILITIES,B1+B2+B3,"B1,B2,B3","0.7,0.2,0.1",0.7046667075931676
Q0_TOTAL_LIABILITIES,B1+B2+B3,"B1,B2,B3","0.7,0.3,0.0",0.7469808575320163
Q0_TOTAL_LIABILITIES,B1+B2+B3,"B1,B2,B3","0.8,0.0,0.2",0.6108206434743723
Q0_TOTAL_LIABILITIES,B1+B2+B3,"B1,B2,B3","0.8,0.1,0.1",0.6666640612558148
Q0_TOTAL_LIABILITIES,B1+B2+B3,"B1,B2,B3","0.8,0.2,0.0",0.7140328601518084
Q0_TOTAL_LIABILITIES,B1+B2+B3,"B1,B2,B3","0.9,0.0,0.1",0.6245232889783647
Q0_TOTAL_LIABILITIES,B1+B2+B3,"B1,B2,B3","0.9,0.1,0.0",0.6769467368315033
Q0_TOTAL_LIABILITIES,B1+B2+B3,"B1,B2,B3","1.0,0.0,0.0",0.6357224875711011
Q0_TOTAL_STOCKHOLDERS_EQUITY,B1,B1,1.0,-0.144362062419078
Q0_TOTAL_STOCKHOLDERS_EQUITY,B2,B2,1.0,-0.06439975623387961
Q0_TOTAL_STOCKHOLDERS_EQUITY,B3,B3,1.0,-0.1688259311915059
Q0_TOTAL_STOCKHOLDERS_EQUITY,B1+B2,"B1,B2","0.0,1.0",-0.06439975623387961
Q0_TOTAL_STOCKHOLDERS_EQUITY,B1+B2,"B1,B2","0.1,0.9",-0.05852154227355455
Q0_TOTAL_STOCKHOLDERS_EQUITY,B1+B2,"B1,B2","0.2,0.8",-0.055726538219639465
Q0_TOTAL_STOCKHOLDERS_EQUITY,B1+B2,"B1,B2","0.3,0.7",-0.05601474407213436
Q0_TOTAL_STOCKHOLDERS_EQUITY,B1+B2,"B1,B2","0.4,0.6",-0.05938615983103923
Q0_TOTAL_STOCKHOLDERS_EQUITY,B1+B2,"B1,B2","0.5,0.5",-0.06584078549635408
Q0_TOTAL_STOCKHOLDERS_EQUITY,B1+B2,"B1,B2","0.6,0.4",-0.07537862106807891
Q0_TOTAL_STOCKHOLDERS_EQUITY,B1+B2,"B1,B2","0.7,0.3",-0.08799966654621394
Q0_TOTAL_STOCKHOLDERS_EQUITY,B1+B2,"B1,B2","0.8,0.2",-0.10370392193075828
Q0_TOTAL_STOCKHOLDERS_EQUITY,B1+B2,"B1,B2","0.9,0.1",-0.12249138722171304
Q0_TOTAL_STOCKHOLDERS_EQUITY,B1+B2,"B1,B2","1.0,0.0",-0.144362062419078
Q0_TOTAL_STOCKHOLDERS_EQUITY,B1+B3,"B1,B3","0.0,1.0",-0.1688259311915059
Q0_TOTAL_STOCKHOLDERS_EQUITY,B1+B3,"B1,B3","0.1,0.9",-0.1646549883771382
Q0_TOTAL_STOCKHOLDERS_EQUITY,B1+B3,"B1,B3","0.2,0.8",-0.1608672802154658
Q0_TOTAL_STOCKHOLDERS_EQUITY,B1+B3,"B1,B3","0.3,0.7",-0.15746280670648694
Q0_TOTAL_STOCKHOLDERS_EQUITY,B1+B3,"B1,B3","0.4,0.6",-0.15444156785020247
Q0_TOTAL_STOCKHOLDERS_EQUITY,B1+B3,"B1,B3","0.5,0.5",-0.15180356364661263
Q0_TOTAL_STOCKHOLDERS_EQUITY,B1+B3,"B1,B3","0.6,0.4",-0.14954879409571675
Q0_TOTAL_STOCKHOLDERS_EQUITY,B1+B3,"B1,B3","0.7,0.3",-0.14767725919751595
Q0_TOTAL_STOCKHOLDERS_EQUITY,B1+B3,"B1,B3","0.8,0.2",-0.14618895895200867
Q0_TOTAL_STOCKHOLDERS_EQUITY,B1+B3,"B1,B3","0.9,0.1",-0.14508389335919625
Q0_TOTAL_STOCKHOLDERS_EQUITY,B1+B3,"B1,B3","1.0,0.0",-0.144362062419078
Q0_TOTAL_STOCKHOLDERS_EQUITY,B1+B2+B3,"B1,B2,B3","0.0,0.0,1.0",-0.1688259311915059
Q0_TOTAL_STOCKHOLDERS_EQUITY,B1+B2+B3,"B1,B2,B3","0.0,0.1,0.9",-0.14020069432097082
Q0_TOTAL_STOCKHOLDERS_EQUITY,B1+B2+B3,"B1,B2,B3","0.0,0.2,0.8",-0.1156160395337189
Q0_TOTAL_STOCKHOLDERS_EQUITY,B1+B2+B3,"B1,B2,B3","0.0,0.3,0.7",-0.09507196682974905
Q0_TOTAL_STOCKHOLDERS_EQUITY,B1+B2+B3,"B1,B2,B3","0.0,0.4,0.6",-0.07856847620906215
Q0_TOTAL_STOCKHOLDERS_EQUITY,B1+B2+B3,"B1,B2,B3","0.0,0.5,0.5",-0.0661055676716582
Q0_TOTAL_STOCKHOLDERS_EQUITY,B1+B2+B3,"B1,B2,B3","0.0,0.6,0.4",-0.057683241217536985
Q0_TOTAL_STOCKHOLDERS_EQUITY,B1+B2+B3,"B1,B2,B3","0.0,0.7,0.3",-0.05330149684669849
Q0_TOTAL_STOCKHOLDERS_EQUITY,B1+B2+B3,"B1,B2,B3","0.0,0.8,0.2",-0.05296033455914251
Q0_TOTAL_STOCKHOLDERS_EQUITY,B1+B2+B3,"B1,B2,B3","0.0,0.9,0.1",-0.05665975435486992
Q0_TOTAL_STOCKHOLDERS_EQUITY,B1+B2+B3,"B1,B2,B3","0.0,1.0,0.0",-0.06439975623387961
Q0_TOTAL_STOCKHOLDERS_EQUITY,B1+B2+B3,"B1,B2,B3","0.1,0.0,0.9",-0.1646549883771382
Q0_TOTAL_STOCKHOLDERS_EQUITY,B1+B2+B3,"B1,B2,B3","0.1,0.1,0.8",-0.13670005492138726
Q0_TOTAL_STOCKHOLDERS_EQUITY,B1+B2+B3,"B1,B2,B3","0.1,0.2,0.7",-0.11278570354891837
Q0_TOTAL_STOCKHOLDERS_EQUITY,B1+B2+B3,"B1,B2,B3","0.1,0.3,0.6",-0.09291193425973243
Q0_TOTAL_STOCKHOLDERS_EQUITY,B1+B2+B3,"B1,B2,B3","0.1,0.4,0.5",-0.07707874705382922
Q0_TOTAL_STOCKHOLDERS_EQUITY,B1+B2+B3,"B1,B2,B3","0.1,0.5,0.4",-0.06528614193120874
Q0_TOTAL_STOCKHOLDERS_EQUITY,B1+B2+B3,"B1,B2,B3","0.1,0.6,0.3",-0.05753411889187099
Q0_TOTAL_STOCKHOLDERS_EQUITY,B1+B2+B3,"B1,B2,B3","0.1,0.7,0.2",-0.053822677935815966
Q0_TOTAL_STOCKHOLDERS_EQUITY,B1+B2+B3,"B1,B2,B3","0.1,0.8,0.1",-0.05415181906304389
Q0_TOTAL_STOCKHOLDERS_EQUITY,B1+B2+B3,"B1,B2,B3","0.1,0.9,0.0",-0.05852154227355455
Q0_TOTAL_STOCKHOLDERS_EQUITY,B1+B2+B3,"B1,B2,B3","0.2,0.0,0.8",-0.1608672802154658
Q0_TOTAL_STOCKHOLDERS_EQUITY,B1+B2+B3,"B1,B2,B3","0.2,0.1,0.7",-0.13358265017449766
Q0_TOTAL_STOCKHOLDERS_EQUITY,B1+B2+B3,"B1,B2,B3","0.2,0.2,0.6",-0.11033860221681246
Q0_TOTAL_STOCKHOLDERS_EQUITY,B1+B2+B3,"B1,B2,B3","0.2,0.3,0.5",-0.09113513634241
Q0_TOTAL_STOCKHOLDERS_EQUITY,B1+B2+B3,"B1,B2,B3","0.2,0.4,0.4",-0.07597225255129048
Q0_TOTAL_STOCKHOLDERS_EQUITY,B1+B2+B3,"B1,B2,B3","0.2,0.5,0.3",-0.06484995084345346
Q0_TOTAL_STOCKHOLDERS_EQUITY,B1+B2+B3,"B1,B2,B3","0.2,0.6,0.2",-0.05776823121889918
Q0_TOTAL_STOCKHOLDERS_EQUITY,B1+B2+B3,"B1,B2,B3","0.2,0.7,0.1",-0.05472709367762807
Q0_TOTAL_STOCKHOLDERS_EQUITY,B1+B2+B3,"B1,B2,B3","0.2,0.8,0.0",-0.055726538219639465
Q0_TOTAL_STOCKHOLDERS_EQUITY,B1+B2+B3,"B1,B2,B3","0.3,0.0,0.7",-0.15746280670648694
Q0_TOTAL_STOCKHOLDERS_EQUITY,B1+B2+B3,"B1,B2,B3","0.3,0.1,0.6",-0.13084848008030248
Q0_TOTAL_STOCKHOLDERS_EQUITY,B1+B2+B3,"B1,B2,B3","0.3,0.2,0.5",-0.10827473553740097
Q0_TOTAL_STOCKHOLDERS_EQUITY,B1+B2+B3,"B1,B2,B3","0.3,0.3,0.4",-0.08974157307778197
Q0_TOTAL_STOCKHOLDERS_EQUITY,B1+B2+B3,"B1,B2,B3","0.3,0.4,0.3",-0.07524899270144592
Q0_TOTAL_STOCKHOLDERS_EQUITY,B1+B2+B3,"B1,B2,B3","0.3,0.5,0.2",-0.0647969944083926
Q0_TOTAL_STOCKHOLDERS_EQUITY,B1+B2+B3,"B1,B2,B3","0.3,0.6,0.1",-0.058385578198622
Q0_TOTAL_STOCKHOLDERS_EQUITY,B1+B2+B3,"B1,B2,B3","0.3,0.7,0.0",-0.05601474407213436
Q0_TOTAL_STOCKHOLDERS_EQUITY,B1+B2+B3,"B1,B2,B3","0.4,0.0,0.6",-0.15444156785020247
Q0_TOTAL_STOCKHOLDERS_EQUITY,B1+B2+B3,"B1,B2,B3","0.4,0.1,0.5",-0.12849754463880192
Q0_TOTAL_STOCKHOLDERS_EQUITY,B1+B2+B3,"B1,B2,B3","0.4,0.2,0.4",-0.10659410351068366
Q0_TOTAL_STOCKHOLDERS_EQUITY,B1+B2+B3,"B1,B2,B3","0.4,0.3,0.3",-0.08873124446584857
Q0_TOTAL_STOCKHOLDERS_EQUITY,B1+B2+B3,"B1,B2,B3","0.4,0.4,0.2",-0.07490896750429576
Q0_TOTAL_STOCKHOLDERS_EQUITY,B1+B2+B3,"B1,B2,B3","0.4,0.5,0.1",-0.06512727262602613
Q0_TOTAL_STOCKHOLDERS_EQUITY,B1+B2+B3,"B1,B2,B3","0.4,0.6,0.0",-0.05938615983103923
Q0_TOTAL_STOCKHOLDERS_EQUITY,B1+B2+B3,"B1,B2,B3","0.5,0.0,0.5",-0.15180356364661263
Q0_TOTAL_STOCKHOLDERS_EQUITY,B1+B2+B3,"B1,B2,B3","0.5,0.1,0.4",-0.12652984384999533
Q0_TOTAL_STOCKHOLDERS_EQUITY,B1+B2+B3,"B1,B2,B3","0.5,0.2,0.3",-0.10529670613666076
Q0_TOTAL_STOCKHOLDERS_EQUITY,B1+B2+B3,"B1,B2,B3","0.5,0.3,0.2",-0.08810415050660914
Q0_TOTAL_STOCKHOLDERS_EQUITY,B1+B2+B3,"B1,B2,B3","0.5,0.4,0.1",-0.07495217695984002
Q0_TOTAL_STOCKHOLDERS_EQUITY,B1+B2+B3,"B1,B2,B3","0.5,0.5,0.0",-0.06584078549635408
Q0_TOTAL_STOCKHOLDERS_EQUITY,B1+B2+B3,"B1,B2,B3","0.6,0.0,0.4",-0.14954879409571675
Q0_TOTAL_STOCKHOLDERS_EQUITY,B1+B2+B3,"B1,B2,B3","0.6,0.1,0.3",-0.12494537771388337
Q0_TOTAL_STOCKHOLDERS_EQUITY,B1+B2+B3,"B1,B2,B3","0.6,0.2,0.2",-0.10438254341533226
Q0_TOTAL_STOCKHOLDERS_EQUITY,B1+B2+B3,"B1,B2,B3","0.6,0.3,0.1",-0.08786029120006433
Q0_TOTAL_STOCKHOLDERS_EQUITY,B1+B2+B3,"B1,B2,B3","0.6,0.4,0.0",-0.07537862106807891
Q0_TOTAL_STOCKHOLDERS_EQUITY,B1+B2+B3,"B1,B2,B3","0.7,0.0,0.3",-0.14767725919751595
Q0_TOTAL_STOCKHOLDERS_EQUITY,B1+B2+B3,"B1,B2,B3","0.7,0.1,0.2",-0.12374414623046537
Q0_TOTAL_STOCKHOLDERS_EQUITY,B1+B2+B3,"B1,B2,B3","0.7,0.2,0.1",-0.10385161534669818
Q0_TOTAL_STOCKHOLDERS_EQUITY,B1+B2+B3,"B1,B2,B3","0.7,0.3,0.0",-0.08799966654621394
Q0_TOTAL_STOCKHOLDERS_EQUITY,B1+B2+B3,"B1,B2,B3","0.8,0.0,0.2",-0.14618895895200867
Q0_TOTAL_STOCKHOLDERS_EQUITY,B1+B2+B3,"B1,B2,B3","0.8,0.1,0.1",-0.12292614939974222
Q0_TOTAL_STOCKHOLDERS_EQUITY,B1+B2+B3,"B1,B2,B3","0.8,0.2,0.0",-0.10370392193075828
Q0_TOTAL_STOCKHOLDERS_EQUITY,B1+B2+B3,"B1,B2,B3","0.9,0.0,0.1",-0.14508389335919625
Q0_TOTAL_STOCKHOLDERS_EQUITY,B1+B2+B3,"B1,B2,B3","0.9,0.1,0.0",-0.12249138722171304
Q0_TOTAL_STOCKHOLDERS_EQUITY,B1+B2+B3,"B1,B2,B3","1.0,0.0,0.0",-0.144362062419078
Q0_GROSS_PROFIT,B1,B1,1.0,0.9825808767600744
Q0_GROSS_PROFIT,B2,B2,1.0,0.46378523916404757
Q0_GROSS_PROFIT,B3,B3,1.0,0.7702925947097962
Q0_GROSS_PROFIT,B1+B2,"B1,B2","0.0,1.0",0.46378523916404757
Q0_GROSS_PROFIT,B1+B2,"B1,B2","0.1,0.9",0.5643586429450562
Q0_GROSS_PROFIT,B1+B2,"B1,B2","0.2,0.8",0.6541111933879745
Q0_GROSS_PROFIT,B1+B2,"B1,B2","0.3,0.7",0.7330428904928028
Q0_GROSS_PROFIT,B1+B2,"B1,B2","0.4,0.6",0.8011537342595407
Q0_GROSS_PROFIT,B1+B2,"B1,B2","0.5,0.5",0.8584437246881885
Q0_GROSS_PROFIT,B1+B2,"B1,B2","0.6,0.4",0.9049128617787461
Q0_GROSS_PROFIT,B1+B2,"B1,B2","0.7,0.3",0.9405611455312135
Q0_GROSS_PROFIT,B1+B2,"B1,B2","0.8,0.2",0.9653885759455907
Q0_GROSS_PROFIT,B1+B2,"B1,B2","0.9,0.1",0.9793951530218776
Q0_GROSS_PROFIT,B1+B2,"B1,B2","1.0,0.0",0.9825808767600744
Q0_GROSS_PROFIT,B1+B3,"B1,B3","0.0,1.0",0.7702925947097962
Q0_GROSS_PROFIT,B1+B3,"B1,B3","0.1,0.9",0.8085167980131305
Q0_GROSS_PROFIT,B1+B3,"B1,B3","0.2,0.8",0.8429642512946189
Q0_GROSS_PROFIT,B1+B3,"B1,B3","0.3,0.7",0.8736349545542614
Q0_GROSS_PROFIT,B1+B3,"B1,B3","0.4,0.6",0.9005289077920582
Q0_GROSS_PROFIT,B1+B3,"B1,B3","0.5,0.5",0.9236461110080089
Q0_GROSS_PROFIT,B1+B3,"B1,B3","0.6,0.4",0.9429865642021138
Q0_GROSS_PROFIT,B1+B3,"B1,B3","0.7,0.3",0.9585502673743728
Q0_GROSS_PROFIT,B1+B3,"B1,B3","0.8,0.2",0.9703372205247859
Q0_GROSS_PROFIT,B1+B3,"B1,B3","0.9,0.1",0.9783474236533531
Q0_GROSS_PROFIT,B1+B3,"B1,B3","1.0,0.0",0.9825808767600744
Q0_GROSS_PROFIT,B1+B2+B3,"B1,B2,B3","0.0,0.0,1.0",0.7702925947097962
Q0_GROSS_PROFIT,B1+B2+B3,"B1,B2,B3","0.0,0.1,0.9",0.8553288149722401
Q0_GROSS_PROFIT,B1+B2+B3,"B1,B2,B3","0.0,0.2,0.8",0.9146568228309021
Q0_GROSS_PROFIT,B1+B2+B3,"B1,B2,B3","0.0,0.3,0.7",0.9482766182857821
Q0_GROSS_PROFIT,B1+B2+B3,"B1,B2,B3","0.0,0.4,0.6",0.9561882013368803
Q0_GROSS_PROFIT,B1+B2+B3,"B1,B2,B3","0.0,0.5,0.5",0.9383915719841964
Q0_GROSS_PROFIT,B1+B2+B3,"B1,B2,B3","0.0,0.6,0.4",0.8948867302277306
Q0_GROSS_PROFIT,B1+B2+B3,"B1,B2,B3","0.0,0.7,0.3",0.8256736760674828
Q0_GROSS_PROFIT,B1+B2+B3,"B1,B2,B3","0.0,0.8,0.2",0.730752409503453
Q0_GROSS_PROFIT,B1+B2+B3,"B1,B2,B3","0.0,0.9,0.1",0.6101229305356414
Q0_GROSS_PROFIT,B1+B2+B3,"B1,B2,B3","0.0,1.0,0.0",0.46378523916404757
Q0_GROSS_PROFIT,B1+B2+B3,"B1,B2,B3","0.1,0.0,0.9",0.8085167980131305
Q0_GROSS_PROFIT,B1+B2+B3,"B1,B2,B3","0.1,0.1,0.8",0.8842209637318056
Q0_GROSS_PROFIT,B1+B2+B3,"B1,B2,B3","0.1,0.2,0.7",0.9342169170466988
Q0_GROSS_PROFIT,B1+B2+B3,"B1,B2,B3","0.1,0.3,0.6",0.95850465795781
Q0_GROSS_PROFIT,B1+B2+B3,"B1,B2,B3","0.1,0.4,0.5",0.9570841864651393
Q0_GROSS_PROFIT,B1+B2+B3,"B1,B2,B3","0.1,0.5,0.4",0.9299555025686866
Q0_GROSS_PROFIT,B1+B2+B3,"B1,B2,B3","0.1,0.6,0.3",0.877118606268452
Q0_GROSS_PROFIT,B1+B2+B3,"B1,B2,B3","0.1,0.7,0.2",0.7985734975644353
Q0_GROSS_PROFIT,B1+B2+B3,"B1,B2,B3","0.1,0.8,0.1",0.6943201764566369
Q0_GROSS_PROFIT,B1+B2+B3,"B1,B2,B3","0.1,0.9,0.0",0.5643586429450562
Q0_GROSS_PROFIT,B1+B2+B3,"B1,B2,B3","0.2,0.0,0.8",0.8429642512946189
Q0_GROSS_PROFIT,B1+B2+B3,"B1,B2,B3","0.2,0.1,0.7",0.9093363624695252
Q0_GROSS_PROFIT,B1+B2+B3,"B1,B2,B3","0.2,0.2,0.6",0.9500002612406496
Q0_GROSS_PROFIT,B1+B2+B3,"B1,B2,B3","0.2,0.3,0.5",0.964955947607992
Q0_GROSS_PROFIT,B1+B2+B3,"B1,B2,B3","0.2,0.4,0.4",0.9542034215715525
Q0_GROSS_PROFIT,B1+B2+B3,"B1,B2,B3","0.2,0.5,0.3",0.9177426831313309
Q0_GROSS_PROFIT,B1+B2+B3,"B1,B2,B3","0.2,0.6,0.2",0.8555737322873274
Q0_GROSS_PROFIT,B1+B2+B3,"B1,B2,B3","0.2,0.7,0.1",0.767696569039542
Q0_GROSS_PROFIT,B1+B2+B3,"B1,B2,B3","0.2,0.8,0.0",0.6541111933879745
Q0_GROSS_PROFIT,B1+B2+B3,"B1,B2,B3","0.3,0.0,0.7",0.8736349545542614
Q0_GROSS_PROFIT,B1+B2+B3,"B1,B2,B3","0.3,0.1,0.6",0.930675011185399
Q0_GROSS_PROFIT,B1+B2+B3,"B1,B2,B3","0.3,0.2,0.5",0.9620068554127545
Q0_GROSS_PROFIT,B1+B2+B3,"B1,B2,B3","0.3,0.3,0.4",0.967630487236328
Q0_GROSS_PROFIT,B1+B2+B3,"B1,B2,B3","0.3,0.4,0.3",0.9475459066561197
Q0_GROSS_PROFIT,B1+B2+B3,"B1,B2,B3","0.3,0.5,0.2",0.9017531136721293
Q0_GROSS_PROFIT,B1+B2+B3,"B1,B2,B3","0.3,0.6,0.1",0.830252108284357
Q0_GROSS_PROFIT,B1+B2+B3,"B1,B2,B3","0.3,0.7,0.0",0.7330428904928028
Q0_GROSS_PROFIT,B1+B2+B3,"B1,B2,B3","0.4,0.0,0.6",0.9005289077920582
Q0_GROSS_PROFIT,B1+B2+B3,"B1,B2,B3","0.4,0.1,0.5",0.9482369098794268
Q0_GROSS_PROFIT,B1+B2+B3,"B1,B2,B3","0.4,0.2,0.4",0.9702366995630135
Q0_GROSS_PROFIT,B1+B2+B3,"B1,B2,B3","0.4,0.3,0.3",0.9665282768428183
Q0_GROSS_PROFIT,B1+B2+B3,"B1,B2,B3","0.4,0.4,0.2",0.9371116417188411
Q0_GROSS_PROFIT,B1+B2+B3,"B1,B2,B3","0.4,0.5,0.1",0.881986794191082
Q0_GROSS_PROFIT,B1+B2+B3,"B1,B2,B3","0.4,0.6,0.0",0.8011537342595407
Q0_GROSS_PROFIT,B1+B2+B3,"B1,B2,B3","0.5,0.0,0.5",0.9236461110080089
Q0_GROSS_PROFIT,B1+B2+B3,"B1,B2,B3","0.5,0.1,0.4",0.9620220585516087
Q0_GROSS_PROFIT,B1+B2+B3,"B1,B2,B3","0.5,0.2,0.3",0.9746897936914266
Q0_GROSS_PROFIT,B1+B2+B3,"B1,B2,B3","0.5,0.3,0.2",0.9616493164274625
Q0_GROSS_PROFIT,B1+B2+B3,"B1,B2,B3","0.5,0.4,0.1",0.9229006267597165
Q0_GROSS_PROFIT,B1+B2+B3,"B1,B2,B3","0.5,0.5,0.0",0.8584437246881885
Q0_GROSS_PROFIT,B1+B2+B3,"B1,B2,B3","0.6,0.0,0.4",0.9429865642021138
Q0_GROSS_PROFIT,B1+B2+B3,"B1,B2,B3","0.6,0.1,0.3",0.9720304572019448
Q0_GROSS_PROFIT,B1+B2+B3,"B1,B2,B3","0.6,0.2,0.2",0.9753661377979939
Q0_GROSS_PROFIT,B1+B2+B3,"B1,B2,B3","0.6,0.3,0.1",0.952993605990261
Q0_GROSS_PROFIT,B1+B2+B3,"B1,B2,B3","0.6,0.4,0.0",0.9049128617787461
Q0_GROSS_PROFIT,B1+B2+B3,"B1,B2,B3","0.7,0.0,0.3",0.9585502673743728
Q0_GROSS_PROFIT,B1+B2+B3,"B1,B2,B3","0.7,0.1,0.2",0.9782621058304349
Q0_GROSS_PROFIT,B1+B2+B3,"B1,B2,B3","0.7,0.2,0.1",0.9722657318827153
Q0_GROSS_PROFIT,B1+B2+B3,"B1,B2,B3","0.7,0.3,0.0",0.9405611455312135
Q0_GROSS_PROFIT,B1+B2+B3,"B1,B2,B3","0.8,0.0,0.2",0.9703372205247859
Q0_GROSS_PROFIT,B1+B2+B3,"B1,B2,B3","0.8,0.1,0.1",0.9807170044370793
Q0_GROSS_PROFIT,B1+B2+B3,"B1,B2,B3","0.8,0.2,0.0",0.9653885759455907
Q0_GROSS_PROFIT,B1+B2+B3,"B1,B2,B3","0.9,0.0,0.1",0.9783474236533531
Q0_GROSS_PROFIT,B1+B2+B3,"B1,B2,B3","0.9,0.1,0.0",0.9793951530218776
Q0_GROSS_PROFIT,B1+B2+B3,"B1,B2,B3","1.0,0.0,0.0",0.9825808767600744
Q0_COST_OF_REVENUES,B1,B1,1.0,0.9614016918878225
Q0_COST_OF_REVENUES,B2,B2,1.0,0.8484451326053366
Q0_COST_OF_REVENUES,B3,B3,1.0,0.8415691338541521
Q0_COST_OF_REVENUES,B1+B2,"B1,B2","0.0,1.0",0.8484451326053366
Q0_COST_OF_REVENUES,B1+B2,"B1,B2","0.1,0.9",0.8736514581510899
Q0_COST_OF_REVENUES,B1+B2,"B1,B2","0.2,0.8",0.8957665237818421
Q0_COST_OF_REVENUES,B1+B2,"B1,B2","0.3,0.7",0.9147903294975932
Q0_COST_OF_REVENUES,B1+B2,"B1,B2","0.4,0.6",0.9307228752983434
Q0_COST_OF_REVENUES,B1+B2,"B1,B2","0.5,0.5",0.9435641611840925
Q0_COST_OF_REVENUES,B1+B2,"B1,B2","0.6,0.4",0.9533141871548406
Q0_COST_OF_REVENUES,B1+B2,"B1,B2","0.7,0.3",0.9599729532105876
Q0_COST_OF_REVENUES,B1+B2,"B1,B2","0.8,0.2",0.9635404593513337
Q0_COST_OF_REVENUES,B1+B2,"B1,B2","0.9,0.1",0.9640167055770786
Q0_COST_OF_REVENUES,B1+B2,"B1,B2","1.0,0.0",0.9614016918878225
Q0_COST_OF_REVENUES,B1+B3,"B1,B3","0.0,1.0",0.8415691338541521
Q0_COST_OF_REVENUES,B1+B3,"B1,B3","0.1,0.9",0.8600627027145804
Q0_COST_OF_REVENUES,B1+B3,"B1,B3","0.2,0.8",0.8771095353401062
Q0_COST_OF_REVENUES,B1+B3,"B1,B3","0.3,0.7",0.8927096317307295
Q0_COST_OF_REVENUES,B1+B3,"B1,B3","0.4,0.6",0.9068629918864503
Q0_COST_OF_REVENUES,B1+B3,"B1,B3","0.5,0.5",0.9195696158072686
Q0_COST_OF_REVENUES,B1+B3,"B1,B3","0.6,0.4",0.9308295034931844
Q0_COST_OF_REVENUES,B1+B3,"B1,B3","0.7,0.3",0.9406426549441977
Q0_COST_OF_REVENUES,B1+B3,"B1,B3","0.8,0.2",0.9490090701603084
Q0_COST_OF_REVENUES,B1+B3,"B1,B3","0.9,0.1",0.9559287491415168
Q0_COST_OF_REVENUES,B1+B3,"B1,B3","1.0,0.0",0.9614016918878225
Q0_COST_OF_REVENUES,B1+B2+B3,"B1,B2,B3","0.0,0.0,1.0",0.8415691338541521
Q0_COST_OF_REVENUES,B1+B2+B3,"B1,B2,B3","0.0,0.1,0.9",0.8768177391798024
Q0_COST_OF_REVENUES,B1+B2+B3,"B1,B2,B3","0.0,0.2,0.8",0.9043861210720012
Q0_COST_OF_REVENUES,B1+B2+B3,"B1,B2,B3","0.0,0.3,0.7",0.9242742795307484
Q0_COST_OF_REVENUES,B1+B2+B3,"B1,B2,B3","0.0,0.4,0.6",0.9364822145560442
Q0_COST_OF_REVENUES,B1+B2+B3,"B1,B2,B3","0.0,0.5,0.5",0.9410099261478884
Q0_COST_OF_REVENUES,B1+B2+B3,"B1,B2,B3","0.0,0.6,0.4",0.937857414306281
Q0_COST_OF_REVENUES,B1+B2+B3,"B1,B2,B3","0.0,0.7,0.3",0.9270246790312222
Q0_COST_OF_REVENUES,B1+B2+B3,"B1,B2,B3","0.0,0.8,0.2",0.9085117203227119
Q0_COST_OF_REVENUES,B1+B2+B3,"B1,B2,B3","0.0,0.9,0.1",0.88231853818075
Q0_COST_OF_REVENUES,B1+B2+B3,"B1,B2,B3","0.0,1.0,0.0",0.8484451326053366
Q0_COST_OF_REVENUES,B1+B2+B3,"B1,B2,B3","0.1,0.0,0.9",0.8600627027145804
Q0_COST_OF_REVENUES,B1+B2+B3,"B1,B2,B3","0.1,0.1,0.8",0.8922934581635542
Q0_COST_OF_REVENUES,B1+B2+B3,"B1,B2,B3","0.1,0.2,0.7",0.9168439901790765
Q0_COST_OF_REVENUES,B1+B2+B3,"B1,B2,B3","0.1,0.3,0.6",0.9337142987611472
Q0_COST_OF_REVENUES,B1+B2+B3,"B1,B2,B3","0.1,0.4,0.5",0.9429043839097665
Q0_COST_OF_REVENUES,B1+B2+B3,"B1,B2,B3","0.1,0.5,0.4",0.9444142456249341
Q0_COST_OF_REVENUES,B1+B2+B3,"B1,B2,B3","0.1,0.6,0.3",0.9382438839066504
Q0_COST_OF_REVENUES,B1+B2+B3,"B1,B2,B3","0.1,0.7,0.2",0.924393298754915
Q0_COST_OF_REVENUES,B1+B2+B3,"B1,B2,B3","0.1,0.8,0.1",0.9028624901697282
Q0_COST_OF_REVENUES,B1+B2+B3,"B1,B2,B3","0.1,0.9,0.0",0.8736514581510899
Q0_COST_OF_REVENUES,B1+B2+B3,"B1,B2,B3","0.2,0.0,0.8",0.8771095353401062
Q0_COST_OF_REVENUES,B1+B2+B3,"B1,B2,B3","0.2,0.1,0.7",0.9063224409124035
Q0_COST_OF_REVENUES,B1+B2+B3,"B1,B2,B3","0.2,0.2,0.6",0.9278551230512493
Q0_COST_OF_REVENUES,B1+B2+B3,"B1,B2,B3","0.2,0.3,0.5",0.9417075817566435
Q0_COST_OF_REVENUES,B1+B2+B3,"B1,B2,B3","0.2,0.4,0.4",0.9478798170285863
Q0_COST_OF_REVENUES,B1+B2+B3,"B1,B2,B3","0.2,0.5,0.3",0.9463718288670775
Q0_COST_OF_REVENUES,B1+B2+B3,"B1,B2,B3","0.2,0.6,0.2",0.9371836172721172
Q0_COST_OF_REVENUES,B1+B2+B3,"B1,B2,B3","0.2,0.7,0.1",0.9203151822437055
Q0_COST_OF_REVENUES,B1+B2+B3,"B1,B2,B3","0.2,0.8,0.0",0.8957665237818421
Q0_COST_OF_REVENUES,B1+B2+B3,"B1,B2,B3","0.3,0.0,0.7",0.8927096317307295
Q0_COST_OF_REVENUES,B1+B2+B3,"B1,B2,B3","0.3,0.1,0.6",0.9189046874263502
Q0_COST_OF_REVENUES,B1+B2+B3,"B1,B2,B3","0.3,0.2,0.5",0.9374195196885196
Q0_COST_OF_REVENUES,B1+B2+B3,"B1,B2,B3","0.3,0.3,0.4",0.9482541285172373
Q0_COST_OF_REVENUES,B1+B2+B3,"B1,B2,B3","0.3,0.4,0.3",0.9514085139125036
Q0_COST_OF_REVENUES,B1+B2+B3,"B1,B2,B3","0.3,0.5,0.2",0.9468826758743183
Q0_COST_OF_REVENUES,B1+B2+B3,"B1,B2,B3","0.3,0.6,0.1",0.9346766144026816
Q0_COST_OF_REVENUES,B1+B2+B3,"B1,B2,B3","0.3,0.7,0.0",0.9147903294975932
Q0_COST_OF_REVENUES,B1+B2+B3,"B1,B2,B3","0.4,0.0,0.6",0.9068629918864503
Q0_COST_OF_REVENUES,B1+B2+B3,"B1,B2,B3","0.4,0.1,0.5",0.9300401977053946
Q0_COST_OF_REVENUES,B1+B2+B3,"B1,B2,B3","0.4,0.2,0.4",0.9455371800908874
Q0_COST_OF_REVENUES,B1+B2+B3,"B1,B2,B3","0.4,0.3,0.3",0.9533539390429286
Q0_COST_OF_REVENUES,B1+B2+B3,"B1,B2,B3","0.4,0.4,0.2",0.9534904745615184
Q0_COST_OF_REVENUES,B1+B2+B3,"B1,B2,B3","0.4,0.5,0.1",0.9459467866466567
Q0_COST_OF_REVENUES,B1+B2+B3,"B1,B2,B3","0.4,0.6,0.0",0.9307228752983434
Q0_COST_OF_REVENUES,B1+B2+B3,"B1,B2,B3","0.5,0.0,0.5",0.9195696158072686
Q0_COST_OF_REVENUES,B1+B2+B3,"B1,B2,B3","0.5,0.1,0.4",0.9397289717495364
Q0_COST_OF_REVENUES,B1+B2+B3,"B1,B2,B3","0.5,0.2,0.3",0.9522081042583527
Q0_COST_OF_REVENUES,B1+B2+B3,"B1,B2,B3","0.5,0.3,0.2",0.9570070133337175
Q0_COST_OF_REVENUES,B1+B2+B3,"B1,B2,B3","0.5,0.4,0.1",0.9541256989756307
Q0_COST_OF_REVENUES,B1+B2+B3,"B1,B2,B3","0.5,0.5,0.0",0.9435641611840925
Q0_COST_OF_REVENUES,B1+B2+B3,"B1,B2,B3","0.6,0.0,0.4",0.9308295034931844
Q0_COST_OF_REVENUES,B1+B2+B3,"B1,B2,B3","0.6,0.1,0.3",0.9479710095587757
Q0_COST_OF_REVENUES,B1+B2+B3,"B1,B2,B3","0.6,0.2,0.2",0.9574322921909155
Q0_COST_OF_REVENUES,B1+B2+B3,"B1,B2,B3","0.6,0.3,0.1",0.9592133513896038
Q0_COST_OF_REVENUES,B1+B2+B3,"B1,B2,B3","0.6,0.4,0.0",0.9533141871548406
Q0_COST_OF_REVENUES,B1+B2+B3,"B1,B2,B3","0.7,0.0,0.3",0.9406426549441977
Q0_COST_OF_REVENUES,B1+B2+B3,"B1,B2,B3","0.7,0.1,0.2",0.9547663111331125
Q0_COST_OF_REVENUES,B1+B2+B3,"B1,B2,B3","0.7,0.2,0.1",0.9612097438885758
Q0_COST_OF_REVENUES,B1+B2+B3,"B1,B2,B3","0.7,0.3,0.0",0.9599729532105876
Q0_COST_OF_REVENUES,B1+B2+B3,"B1,B2,B3","0.8,0.0,0.2",0.9490090701603084
Q0_COST_OF_REVENUES,B1+B2+B3,"B1,B2,B3","0.8,0.1,0.1",0.9601148764725468
Q0_COST_OF_REVENUES,B1+B2+B3,"B1,B2,B3","0.8,0.2,0.0",0.9635404593513337
Q0_COST_OF_REVENUES,B1+B2+B3,"B1,B2,B3","0.9,0.0,0.1",0.9559287491415168
Q0_COST_OF_REVENUES,B1+B2+B3,"B1,B2,B3","0.9,0.1,0.0",0.9640167055770786
Q0_COST_OF_REVENUES,B1+B2+B3,"B1,B2,B3","1.0,0.0,0.0",0.9614016918878225
Q0_REVENUES,B1,B1,1.0,0.97273360594969
Q0_REVENUES,B2,B2,1.0,0.6616814359232217
Q0_REVENUES,B3,B3,1.0,0.8005535830852916
Q0_REVENUES,B1+B2,"B1,B2","0.0,1.0",0.6616814359232217
Q0_REVENUES,B1+B2,"B1,B2","0.1,0.9",0.7239564019306092
Q0_REVENUES,B1+B2,"B1,B2","0.2,0.8",0.7793047570480542
Q0_REVENUES,B1+B2,"B1,B2","0.3,0.7",0.827726501275557
Q0_REVENUES,B1+B2,"B1,B2","0.4,0.6",0.8692216346131174
Q0_REVENUES,B1+B2,"B1,B2","0.5,0.5",0.9037901570607354
Q0_REVENUES,B1+B2,"B1,B2","0.6,0.4",0.931432068618411
Q0_REVENUES,B1+B2,"B1,B2","0.7,0.3",0.9521473692861443
Q0_REVENUES,B1+B2,"B1,B2","0.8,0.2",0.9659360590639352
Q0_REVENUES,B1+B2,"B1,B2","0.9,0.1",0.9727981379517838
Q0_REVENUES,B1+B2,"B1,B2","1.0,0.0",0.97273360594969
Q0_REVENUES,B1+B3,"B1,B3","0.0,1.0",0.8005535830852916
Q0_REVENUES,B1+B3,"B1,B3","0.1,0.9",0.8297891219742577
Q0_REVENUES,B1+B3,"B1,B3","0.2,0.8",0.8563540971737735
Q0_REVENUES,B1+B3,"B1,B3","0.3,0.7",0.8802485086838391
Q0_REVENUES,B1+B3,"B1,B3","0.4,0.6",0.9014723565044543
Q0_REVENUES,B1+B3,"B1,B3","0.5,0.5",0.9200256406356193
Q0_REVENUES,B1+B3,"B1,B3","0.6,0.4",0.935908361077334
Q0_REVENUES,B1+B3,"B1,B3","0.7,0.3",0.9491205178295984
Q0_REVENUES,B1+B3,"B1,B3","0.8,0.2",0.9596621108924126
Q0_REVENUES,B1+B3,"B1,B3","0.9,0.1",0.9675331402657764
Q0_REVENUES,B1+B3,"B1,B3","1.0,0.0",0.97273360594969
Q0_REVENUES,B1+B2+B3,"B1,B2,B3","0.0,0.0,1.0",0.8005535830852916
Q0_REVENUES,B1+B2+B3,"B1,B2,B3","0.0,0.1,0.9",0.8609841543435875
Q0_REVENUES,B1+B2+B3,"B1,B2,B3","0.0,0.2,0.8",0.9048996620519941
Q0_REVENUES,B1+B2+B3,"B1,B2,B3","0.0,0.3,0.7",0.932300106210511
Q0_REVENUES,B1+B2+B3,"B1,B2,B3","0.0,0.4,0.6",0.9431854868191384
Q0_REVENUES,B1+B2+B3,"B1,B2,B3","0.0,0.5,0.5",0.9375558038778762
Q0_REVENUES,B1+B2+B3,"B1,B2,B3","0.0,0.6,0.4",0.9154110573867243
Q0_REVENUES,B1+B2+B3,"B1,B2,B3","0.0,0.7,0.3",0.8767512473456831
Q0_REVENUES,B1+B2+B3,"B1,B2,B3","0.0,0.8,0.2",0.8215763737547521
Q0_REVENUES,B1+B2+B3,"B1,B2,B3","0.0,0.9,0.1",0.7498864366139317
Q0_REVENUES,B1+B2+B3,"B1,B2,B3","0.0,1.0,0.0",0.6616814359232217
Q0_REVENUES,B1+B2+B3,"B1,B2,B3","0.1,0.0,0.9",0.8297891219742577
Q0_REVENUES,B1+B2+B3,"B1,B2,B3","0.1,0.1,0.8",0.884090185057855
Q0_REVENUES,B1+B2+B3,"B1,B2,B3","0.1,0.2,0.7",0.9218761845915627
Q0_REVENUES,B1+B2+B3,"B1,B2,B3","0.1,0.3,0.6",0.9431471205753809
Q0_REVENUES,B1+B2+B3,"B1,B2,B3","0.1,0.4,0.5",0.9479029930093095
Q0_REVENUES,B1+B2+B3,"B1,B2,B3","0.1,0.5,0.4",0.9361438018933486
Q0_REVENUES,B1+B2+B3,"B1,B2,B3","0.1,0.6,0.3",0.907869547227498
Q0_REVENUES,B1+B2+B3,"B1,B2,B3","0.1,0.7,0.2",0.8630802290117581
Q0_REVENUES,B1+B2+B3,"B1,B2,B3","0.1,0.8,0.1",0.8017758472461284
Q0_REVENUES,B1+B2+B3,"B1,B2,B3","0.1,0.9,0.0",0.7239564019306092
Q0_REVENUES,B1+B2+B3,"B1,B2,B3","0.2,0.0,0.8",0.8563540971737735
Q0_REVENUES,B1+B2+B3,"B1,B2,B3","0.2,0.1,0.7",0.9045256520826721
Q0_REVENUES,B1+B2+B3,"B1,B2,B3","0.2,0.2,0.6",0.936182143441681
Q0_REVENUES,B1+B2+B3,"B1,B2,B3","0.2,0.3,0.5",0.9513235712508005
Q0_REVENUES,B1+B2+B3,"B1,B2,B3","0.2,0.4,0.4",0.9499499355100304
Q0_REVENUES,B1+B2+B3,"B1,B2,B3","0.2,0.5,0.3",0.9320612362193706
Q0_REVENUES,B1+B2+B3,"B1,B2,B3","0.2,0.6,0.2",0.8976574733788214
Q0_REVENUES,B1+B2+B3,"B1,B2,B3","0.2,0.7,0.1",0.8467386469883826
Q0_REVENUES,B1+B2+B3,"B1,B2,B3","0.2,0.8,0.0",0.7793047570480542
Q0_REVENUES,B1+B2+B3,"B1,B2,B3","0.3,0.0,0.7",0.8802485086838391
Q0_REVENUES,B1+B2+B3,"B1,B2,B3","0.3,0.1,0.6",0.9222905554180388
Q0_REVENUES,B1+B2+B3,"B1,B2,B3","0.3,0.2,0.5",0.9478175386023491
Q0_REVENUES,B1+B2+B3,"B1,B2,B3","0.3,0.3,0.4",0.9568294582367698
Q0_REVENUES,B1+B2+B3,"B1,B2,B3","0.3,0.4,0.3",0.949326314321301
Q0_REVENUES,B1+B2+B3,"B1,B2,B3","0.3,0.5,0.2",0.9253081068559426
Q0_REVENUES,B1+B2+B3,"B1,B2,B3","0.3,0.6,0.1",0.8847748358406946
Q0_REVENUES,B1+B2+B3,"B1,B2,B3","0.3,0.7,0.0",0.827726501275557
Q0_REVENUES,B1+B2+B3,"B1,B2,B3","0.4,0.0,0.6",0.9014723565044543
Q0_REVENUES,B1+B2+B3,"B1,B2,B3","0.4,0.1,0.5",0.9373848950639554
Q0_REVENUES,B1+B2+B3,"B1,B2,B3","0.4,0.2,0.4",0.9567823700735669
Q0_REVENUES,B1+B2+B3,"B1,B2,B3","0.4,0.3,0.3",0.9596647815332888
Q0_REVENUES,B1+B2+B3,"B1,B2,B3","0.4,0.4,0.2",0.9460321294431213
Q0_REVENUES,B1+B2+B3,"B1,B2,B3","0.4,0.5,0.1",0.9158844138030641
Q0_REVENUES,B1+B2+B3,"B1,B2,B3","0.4,0.6,0.0",0.8692216346131174
Q0_REVENUES,B1+B2+B3,"B1,B2,B3","0.5,0.0,0.5",0.9200256406356193
Q0_REVENUES,B1+B2+B3,"B1,B2,B3","0.5,0.1,0.4",0.9498086710204217
Q0_REVENUES,B1+B2+B3,"B1,B2,B3","0.5,0.2,0.3",0.9630766378553344
Q0_REVENUES,B1+B2+B3,"B1,B2,B3","0.5,0.3,0.2",0.9598295411403577
Q0_REVENUES,B1+B2+B3,"B1,B2,B3","0.5,0.4,0.1",0.9400673808754912
Q0_REVENUES,B1+B2+B3,"B1,B2,B3","0.5,0.5,0.0",0.9037901570607354
Q0_REVENUES,B1+B2+B3,"B1,B2,B3","0.6,0.0,0.4",0.935908361077334
Q0_REVENUES,B1+B2+B3,"B1,B2,B3","0.6,0.1,0.3",0.9595618832874376
Q0_REVENUES,B1+B2+B3,"B1,B2,B3","0.6,0.2,0.2",0.9667003419476516
Q0_REVENUES,B1+B2+B3,"B1,B2,B3","0.6,0.3,0.1",0.9573237370579761
Q0_REVENUES,B1+B2+B3,"B1,B2,B3","0.6,0.4,0.0",0.931432068618411
Q0_REVENUES,B1+B2+B3,"B1,B2,B3","0.7,0.0,0.3",0.9491205178295984
Q0_REVENUES,B1+B2+B3,"B1,B2,B3","0.7,0.1,0.2",0.9666445318650033
Q0_REVENUES,B1+B2+B3,"B1,B2,B3","0.7,0.2,0.1",0.9676534823505186
Q0_REVENUES,B1+B2+B3,"B1,B2,B3","0.7,0.3,0.0",0.9521473692861443
Q0_REVENUES,B1+B2+B3,"B1,B2,B3","0.8,0.0,0.2",0.9596621108924126
Q0_REVENUES,B1+B2+B3,"B1,B2,B3","0.8,0.1,0.1",0.9710566167531187
Q0_REVENUES,B1+B2+B3,"B1,B2,B3","0.8,0.2,0.0",0.9659360590639352
Q0_REVENUES,B1+B2+B3,"B1,B2,B3","0.9,0.0,0.1",0.9675331402657764
Q0_REVENUES,B1+B2+B3,"B1,B2,B3","0.9,0.1,0.0",0.9727981379517838
Q0_REVENUES,B1+B2+B3,"B1,B2,B3","1.0,0.0,0.0",0.97273360594969
Q0_OPERATING_INCOME,B1,B1,1.0,0.7827114357191349
Q0_OPERATING_INCOME,B2,B2,1.0,-1.582000659085026
Q0_OPERATING_INCOME,B3,B3,1.0,-0.05300489681380682
Q0_OPERATING_INCOME,B1+B2,"B1,B2","0.0,1.0",-1.582000659085026
Q0_OPERATING_INCOME,B1+B2,"B1,B2","0.1,0.9",-1.0990701095565822
Q0_OPERATING_INCOME,B1+B2,"B1,B2","0.2,0.8",-0.6709083022610329
Q0_OPERATING_INCOME,B1+B2,"B1,B2","0.3,0.7",-0.29751523719837936
Q0_OPERATING_INCOME,B1+B2,"B1,B2","0.4,0.6",0.021109085631379254
Q0_OPERATING_INCOME,B1+B2,"B1,B2","0.5,0.5",0.2849646662282429
Q0_OPERATING_INCOME,B1+B2,"B1,B2","0.6,0.4",0.49405150459221137
Q0_OPERATING_INCOME,B1+B2,"B1,B2","0.7,0.3",0.6483696007232849
Q0_OPERATING_INCOME,B1+B2,"B1,B2","0.8,0.2",0.7479189546214633
Q0_OPERATING_INCOME,B1+B2,"B1,B2","0.9,0.1",0.7926995662867466
Q0_OPERATING_INCOME,B1+B2,"B1,B2","1.0,0.0",0.7827114357191349
Q0_OPERATING_INCOME,B1+B3,"B1,B3","0.0,1.0",-0.05300489681380682
Q0_OPERATING_INCOME,B1+B3,"B1,B3","0.1,0.9",0.09729741963670102
Q0_OPERATING_INCOME,B1+B3,"B1,B3","0.2,0.8",0.2327706953767169
Q0_OPERATING_INCOME,B1+B3,"B1,B3","0.3,0.7",0.35341493040624106
Q0_OPERATING_INCOME,B1+B3,"B1,B3","0.4,0.6",0.45923012472527314
Q0_OPERATING_INCOME,B1+B3,"B1,B3","0.5,0.5",0.5502162783338131
Q0_OPERATING_INCOME,B1+B3,"B1,B3","0.6,0.4",0.6263733912318614
Q0_OPERATING_INCOME,B1+B3,"B1,B3","0.7,0.3",0.6877014634194176
Q0_OPERATING_INCOME,B1+B3,"B1,B3","0.8,0.2",0.7342004948964822
Q0_OPERATING_INCOME,B1+B3,"B1,B3","0.9,0.1",0.7658704856630545
Q0_OPERATING_INCOME,B1+B3,"B1,B3","1.0,0.0",0.7827114357191349
Q0_OPERATING_INCOME,B1+B2+B3,"B1,B2,B3","0.0,0.0,1.0",-0.05300489681380682
Q0_OPERATING_INCOME,B1+B2+B3,"B1,B2,B3","0.0,0.1,0.9",0.34479424208372134
Q0_OPERATING_INCOME,B1+B2+B3,"B1,B2,B3","0.0,0.2,0.8",0.6202158887313275
Q0_OPERATING_INCOME,B1+B2+B3,"B1,B2,B3","0.0,0.3,0.7",0.7732600431290113
Q0_OPERATING_INCOME,B1+B2+B3,"B1,B2,B3","0.0,0.4,0.6",0.8039267052767729
Q0_OPERATING_INCOME,B1+B2+B3,"B1,B2,B3","0.0,0.5,0.5",0.7122158751746122
Q0_OPERATING_INCOME,B1+B2+B3,"B1,B2,B3","0.0,0.6,0.4",0.4981275528225292
Q0_OPERATING_INCOME,B1+B2+B3,"B1,B2,B3","0.0,0.7,0.3",0.161661738220524
Q0_OPERATING_INCOME,B1+B2+B3,"B1,B2,B3","0.0,0.8,0.2",-0.29718156863140366
Q0_OPERATING_INCOME,B1+B2+B3,"B1,B2,B3","0.0,0.9,0.1",-0.8784023677332531
Q0_OPERATING_INCOME,B1+B2+B3,"B1,B2,B3","0.0,1.0,0.0",-1.582000659085026
Q0_OPERATING_INCOME,B1+B2+B3,"B1,B2,B3","0.1,0.0,0.9",0.09729741963670102
Q0_OPERATING_INCOME,B1+B2+B3,"B1,B2,B3","0.1,0.1,0.8",0.45387766317046974
Q0_OPERATING_INCOME,B1+B2+B3,"B1,B2,B3","0.1,0.2,0.7",0.6880804144543162
Q0_OPERATING_INCOME,B1+B2+B3,"B1,B2,B3","0.1,0.3,0.6",0.7999056734882405
Q0_OPERATING_INCOME,B1+B2+B3,"B1,B2,B3","0.1,0.4,0.5",0.7893534402722424
Q0_OPERATING_INCOME,B1+B2+B3,"B1,B2,B3","0.1,0.5,0.4",0.6564237148063222
Q0_OPERATING_INCOME,B1+B2+B3,"B1,B2,B3","0.1,0.6,0.3",0.4011164970904796
Q0_OPERATING_INCOME,B1+B2+B3,"B1,B2,B3","0.1,0.7,0.2",0.02343178712471472
Q0_OPERATING_INCOME,B1+B2+B3,"B1,B2,B3","0.1,0.8,0.1",-0.47663041509097237
Q0_OPERATING_INCOME,B1+B2+B3,"B1,B2,B3","0.1,0.9,0.0",-1.0990701095565822
Q0_OPERATING_INCOME,B1+B2+B3,"B1,B2,B3","0.2,0.0,0.8",0.2327706953767169
Q0_OPERATING_INCOME,B1+B2+B3,"B1,B2,B3","0.2,0.1,0.7",0.5481320435467263
Q0_OPERATING_INCOME,B1+B2+B3,"B1,B2,B3","0.2,0.2,0.6",0.741115899466813
Q0_OPERATING_INCOME,B1+B2+B3,"B1,B2,B3","0.2,0.3,0.5",0.8117222631369777
Q0_OPERATING_INCOME,B1+B2+B3,"B1,B2,B3","0.2,0.4,0.4",0.7599511345572202
Q0_OPERATING_INCOME,B1+B2+B3,"B1,B2,B3","0.2,0.5,0.3",0.5858025137275402
Q0_OPERATING_INCOME,B1+B2+B3,"B1,B2,B3","0.2,0.6,0.2",0.28927640064793814
Q0_OPERATING_INCOME,B1+B2+B3,"B1,B2,B3","0.2,0.7,0.1",-0.12962720468158628
Q0_OPERATING_INCOME,B1+B2+B3,"B1,B2,B3","0.2,0.8,0.0",-0.6709083022610329
Q0_OPERATING_INCOME,B1+B2+B3,"B1,B2,B3","0.3,0.0,0.7",0.35341493040624106
Q0_OPERATING_INCOME,B1+B2+B3,"B1,B2,B3","0.3,0.1,0.6",0.6275573832124905
Q0_OPERATING_INCOME,B1+B2+B3,"B1,B2,B3","0.3,0.2,0.5",0.7793223437688179
Q0_OPERATING_INCOME,B1+B2+B3,"B1,B2,B3","0.3,0.3,0.4",0.8087098120752231
Q0_OPERATING_INCOME,B1+B2+B3,"B1,B2,B3","0.3,0.4,0.3",0.7157197881317059
Q0_OPERATING_INCOME,B1+B2+B3,"B1,B2,B3","0.3,0.5,0.2",0.5003522719382665
Q0_OPERATING_INCOME,B1+B2+B3,"B1,B2,B3","0.3,0.6,0.1",0.16260726349490462
Q0_OPERATING_INCOME,B1+B2+B3,"B1,B2,B3","0.3,0.7,0.0",-0.29751523719837936
Q0_OPERATING_INCOME,B1+B2+B3,"B1,B2,B3","0.4,0.0,0.6",0.45923012472527314
Q0_OPERATING_INCOME,B1+B2+B3,"B1,B2,B3","0.4,0.1,0.5",0.6921536821677631
Q0_OPERATING_INCOME,B1+B2+B3,"B1,B2,B3","0.4,0.2,0.4",0.8026997473603309
Q0_OPERATING_INCOME,B1+B2+B3,"B1,B2,B3","0.4,0.3,0.3",0.7908683203029764
Q0_OPERATING_INCOME,B1+B2+B3,"B1,B2,B3","0.4,0.4,0.2",0.6566594009956996
Q0_OPERATING_INCOME,B1+B2+B3,"B1,B2,B3","0.4,0.5,0.1",0.40007298943850056
Q0_OPERATING_INCOME,B1+B2+B3,"B1,B2,B3","0.4,0.6,0.0",0.021109085631379254
Q0_OPERATING_INCOME,B1+B2+B3,"B1,B2,B3","0.5,0.0,0.5",0.5502162783338131
Q0_OPERATING_INCOME,B1+B2+B3,"B1,B2,B3","0.5,0.1,0.4",0.7419209404125438
Q0_OPERATING_INCOME,B1+B2+B3,"B1,B2,B3","0.5,0.2,0.3",0.8112481102413519
Q0_OPERATING_INCOME,B1+B2+B3,"B1,B2,B3","0.5,0.3,0.2",0.7581977878202378
Q0_OPERATING_INCOME,B1+B2+B3,"B1,B2,B3","0.5,0.4,0.1",0.5827699731492014
Q0_OPERATING_INCOME,B1+B2+B3,"B1,B2,B3","0.5,0.5,0.0",0.2849646662282429
Q0_OPERATING_INCOME,B1+B2+B3,"B1,B2,B3","0.6,0.0,0.4",0.6263733912318614
Q0_OPERATING_INCOME,B1+B2+B3,"B1,B2,B3","0.6,0.1,0.3",0.7768591579468324
Q0_OPERATING_INCOME,B1+B2+B3,"B1,B2,B3","0.6,0.2,0.2",0.804967432411881
Q0_OPERATING_INCOME,B1+B2+B3,"B1,B2,B3","0.6,0.3,0.1",0.7106982146270073
Q0_OPERATING_INCOME,B1+B2+B3,"B1,B2,B3","0.6,0.4,0.0",0.49405150459221137
Q0_OPERATING_INCOME,B1+B2+B3,"B1,B2,B3","0.7,0.0,0.3",0.6877014634194176
Q0_OPERATING_INCOME,B1+B2+B3,"B1,B2,B3","0.7,0.1,0.2",0.7969683347706291
Q0_OPERATING_INCOME,B1+B2+B3,"B1,B2,B3","0.7,0.2,0.1",0.783857713871918
Q0_OPERATING_INCOME,B1+B2+B3,"B1,B2,B3","0.7,0.3,0.0",0.6483696007232849
Q0_OPERATING_INCOME,B1+B2+B3,"B1,B2,B3","0.8,0.0,0.2",0.7342004948964822
Q0_OPERATING_INCOME,B1+B2+B3,"B1,B2,B3","0.8,0.1,0.1",0.8022484708839338
Q0_OPERATING_INCOME,B1+B2+B3,"B1,B2,B3","0.8,0.2,0.0",0.7479189546214633
Q0_OPERATING_INCOME,B1+B2+B3,"B1,B2,B3","0.9,0.0,0.1",0.7658704856630545
Q0_OPERATING_INCOME,B1+B2+B3,"B1,B2,B3","0.9,0.1,0.0",0.7926995662867466
Q0_OPERATING_INCOME,B1+B2+B3,"B1,B2,B3","1.0,0.0,0.0",0.7827114357191349
Q0_OPERATING_EXPENSES,B1,B1,1.0,0.982135549293641
Q0_OPERATING_EXPENSES,B2,B2,1.0,0.9156888062716461
Q0_OPERATING_EXPENSES,B3,B3,1.0,0.9338463908970659
Q0_OPERATING_EXPENSES,B1+B2,"B1,B2","0.0,1.0",0.9156888062716461
Q0_OPERATING_EXPENSES,B1+B2,"B1,B2","0.1,0.9",0.9325250797774722
Q0_OPERATING_EXPENSES,B1+B2,"B1,B2","0.2,0.8",0.9470965534602702
Q0_OPERATING_EXPENSES,B1+B2,"B1,B2","0.3,0.7",0.9594032273200401
Q0_OPERATING_EXPENSES,B1+B2,"B1,B2","0.4,0.6",0.9694451013567817
Q0_OPERATING_EXPENSES,B1+B2,"B1,B2","0.5,0.5",0.9772221755704954
Q0_OPERATING_EXPENSES,B1+B2,"B1,B2","0.6,0.4",0.9827344499611808
Q0_OPERATING_EXPENSES,B1+B2,"B1,B2","0.7,0.3",0.985981924528838
Q0_OPERATING_EXPENSES,B1+B2,"B1,B2","0.8,0.2",0.9869645992734672
Q0_OPERATING_EXPENSES,B1+B2,"B1,B2","0.9,0.1",0.9856824741950682
Q0_OPERATING_EXPENSES,B1+B2,"B1,B2","1.0,0.0",0.982135549293641
Q0_OPERATING_EXPENSES,B1+B3,"B1,B3","0.0,1.0",0.9338463908970659
Q0_OPERATING_EXPENSES,B1+B3,"B1,B3","0.1,0.9",0.9421341792499335
Q0_OPERATING_EXPENSES,B1+B3,"B1,B3","0.2,0.8",0.9496533292665322
Q0_OPERATING_EXPENSES,B1+B3,"B1,B3","0.3,0.7",0.956403840946862
Q0_OPERATING_EXPENSES,B1+B3,"B1,B3","0.4,0.6",0.9623857142909229
Q0_OPERATING_EXPENSES,B1+B3,"B1,B3","0.5,0.5",0.9675989492987148
Q0_OPERATING_EXPENSES,B1+B3,"B1,B3","0.6,0.4",0.9720435459702379
Q0_OPERATING_EXPENSES,B1+B3,"B1,B3","0.7,0.3",0.975719504305492
Q0_OPERATING_EXPENSES,B1+B3,"B1,B3","0.8,0.2",0.9786268243044773
Q0_OPERATING_EXPENSES,B1+B3,"B1,B3","0.9,0.1",0.9807655059671936
Q0_OPERATING_EXPENSES,B1+B3,"B1,B3","1.0,0.0",0.982135549293641
Q0_OPERATING_EXPENSES,B1+B2+B3,"B1,B2,B3","0.0,0.0,1.0",0.9338463908970659
Q0_OPERATING_EXPENSES,B1+B2+B3,"B1,B2,B3","0.0,0.1,0.9",0.9524323307608135
Q0_OPERATING_EXPENSES,B1+B2+B3,"B1,B2,B3","0.0,0.2,0.8",0.9664845598853856
Q0_OPERATING_EXPENSES,B1+B2+B3,"B1,B2,B3","0.0,0.3,0.7",0.9760030782707823
Q0_OPERATING_EXPENSES,B1+B2+B3,"B1,B2,B3","0.0,0.4,0.6",0.9809878859170035
Q0_OPERATING_EXPENSES,B1+B2+B3,"B1,B2,B3","0.0,0.5,0.5",0.9814389828240493
Q0_OPERATING_EXPENSES,B1+B2+B3,"B1,B2,B3","0.0,0.6,0.4",0.9773563689919196
Q0_OPERATING_EXPENSES,B1+B2+B3,"B1,B2,B3","0.0,0.7,0.3",0.9687400444206143
Q0_OPERATING_EXPENSES,B1+B2+B3,"B1,B2,B3","0.0,0.8,0.2",0.9555900091101337
Q0_OPERATING_EXPENSES,B1+B2+B3,"B1,B2,B3","0.0,0.9,0.1",0.9379062630604776
Q0_OPERATING_EXPENSES,B1+B2+B3,"B1,B2,B3","0.0,1.0,0.0",0.9156888062716461
Q0_OPERATING_EXPENSES,B1+B2+B3,"B1,B2,B3","0.1,0.0,0.9",0.9421341792499335
Q0_OPERATING_EXPENSES,B1+B2+B3,"B1,B2,B3","0.1,0.1,0.8",0.959201344487473
Q0_OPERATING_EXPENSES,B1+B2+B3,"B1,B2,B3","0.1,0.2,0.7",0.971734798985837
Q0_OPERATING_EXPENSES,B1+B2+B3,"B1,B2,B3","0.1,0.3,0.6",0.9797345427450256
Q0_OPERATING_EXPENSES,B1+B2+B3,"B1,B2,B3","0.1,0.4,0.5",0.9832005757650387
Q0_OPERATING_EXPENSES,B1+B2+B3,"B1,B2,B3","0.1,0.5,0.4",0.9821328980458763
Q0_OPERATING_EXPENSES,B1+B2+B3,"B1,B2,B3","0.1,0.6,0.3",0.9765315095875384
Q0_OPERATING_EXPENSES,B1+B2+B3,"B1,B2,B3","0.1,0.7,0.2",0.9663964103900252
Q0_OPERATING_EXPENSES,B1+B2+B3,"B1,B2,B3","0.1,0.8,0.1",0.9517276004533365
Q0_OPERATING_EXPENSES,B1+B2+B3,"B1,B2,B3","0.1,0.9,0.0",0.9325250797774722
Q0_OPERATING_EXPENSES,B1+B2+B3,"B1,B2,B3","0.2,0.0,0.8",0.9496533292665322
Q0_OPERATING_EXPENSES,B1+B2+B3,"B1,B2,B3","0.2,0.1,0.7",0.9652017198778636
Q0_OPERATING_EXPENSES,B1+B2+B3,"B1,B2,B3","0.2,0.2,0.6",0.9762163997500195
Q0_OPERATING_EXPENSES,B1+B2+B3,"B1,B2,B3","0.2,0.3,0.5",0.982697368883
Q0_OPERATING_EXPENSES,B1+B2+B3,"B1,B2,B3","0.2,0.4,0.4",0.9846446272768049
Q0_OPERATING_EXPENSES,B1+B2+B3,"B1,B2,B3","0.2,0.5,0.3",0.9820581749314344
Q0_OPERATING_EXPENSES,B1+B2+B3,"B1,B2,B3","0.2,0.6,0.2",0.9749380118468886
Q0_OPERATING_EXPENSES,B1+B2+B3,"B1,B2,B3","0.2,0.7,0.1",0.9632841380231671
Q0_OPERATING_EXPENSES,B1+B2+B3,"B1,B2,B3","0.2,0.8,0.0",0.9470965534602702
Q0_OPERATING_EXPENSES,B1+B2+B3,"B1,B2,B3","0.3,0.0,0.7",0.956403840946862
Q0_OPERATING_EXPENSES,B1+B2+B3,"B1,B2,B3","0.3,0.1,0.6",0.9704334569319852
Q0_OPERATING_EXPENSES,B1+B2+B3,"B1,B2,B3","0.3,0.2,0.5",0.979929362177933
Q0_OPERATING_EXPENSES,B1+B2+B3,"B1,B2,B3","0.3,0.3,0.4",0.9848915566847054
Q0_OPERATING_EXPENSES,B1+B2+B3,"B1,B2,B3","0.3,0.4,0.3",0.9853200404523023
Q0_OPERATING_EXPENSES,B1+B2+B3,"B1,B2,B3","0.3,0.5,0.2",0.9812148134807237
Q0_OPERATING_EXPENSES,B1+B2+B3,"B1,B2,B3","0.3,0.6,0.1",0.9725758757699696
Q0_OPERATING_EXPENSES,B1+B2+B3,"B1,B2,B3","0.3,0.7,0.0",0.9594032273200401
Q0_OPERATING_EXPENSES,B1+B2+B3,"B1,B2,B3","0.4,0.0,0.6",0.9623857142909229
Q0_OPERATING_EXPENSES,B1+B2+B3,"B1,B2,B3","0.4,0.1,0.5",0.974896555649838
Q0_OPERATING_EXPENSES,B1+B2+B3,"B1,B2,B3","0.4,0.2,0.4",0.9828736862695777
Q0_OPERATING_EXPENSES,B1+B2+B3,"B1,B2,B3","0.4,0.3,0.3",0.9863171061501419
Q0_OPERATING_EXPENSES,B1+B2+B3,"B1,B2,B3","0.4,0.4,0.2",0.9852268152915307
Q0_OPERATING_EXPENSES,B1+B2+B3,"B1,B2,B3","0.4,0.5,0.1",0.979602813693744
Q0_OPERATING_EXPENSES,B1+B2+B3,"B1,B2,B3","0.4,0.6,0.0",0.9694451013567817
Q0_OPERATING_EXPENSES,B1+B2+B3,"B1,B2,B3","0.5,0.0,0.5",0.9675989492987148
Q0_OPERATING_EXPENSES,B1+B2+B3,"B1,B2,B3","0.5,0.1,0.4",0.9785910160314218
Q0_OPERATING_EXPENSES,B1+B2+B3,"B1,B2,B3","0.5,0.2,0.3",0.9850493720249535
Q0_OPERATING_EXPENSES,B1+B2+B3,"B1,B2,B3","0.5,0.3,0.2",0.9869740172793096
Q0_OPERATING_EXPENSES,B1+B2+B3,"B1,B2,B3","0.5,0.4,0.1",0.9843649517944902
Q0_OPERATING_EXPENSES,B1+B2+B3,"B1,B2,B3","0.5,0.5,0.0",0.9772221755704954
Q0_OPERATING_EXPENSES,B1+B2+B3,"B1,B2,B3","0.6,0.0,0.4",0.9720435459702379
Q0_OPERATING_EXPENSES,B1+B2+B3,"B1,B2,B3","0.6,0.1,0.3",0.9815168380767368
Q0_OPERATING_EXPENSES,B1+B2+B3,"B1,B2,B3","0.6,0.2,0.2",0.9864564194440603
Q0_OPERATING_EXPENSES,B1+B2+B3,"B1,B2,B3","0.6,0.3,0.1",0.9868622900722083
Q0_OPERATING_EXPENSES,B1+B2+B3,"B1,B2,B3","0.6,0.4,0.0",0.9827344499611808
Q0_OPERATING_EXPENSES,B1+B2+B3,"B1,B2,B3","0.7,0.0,0.3",0.975719504305492
Q0_OPERATING_EXPENSES,B1+B2+B3,"B1,B2,B3","0.7,0.1,0.2",0.9836740217857829
Q0_OPERATING_EXPENSES,B1+B2+B3,"B1,B2,B3","0.7,0.2,0.1",0.9870948285268982
Q0_OPERATING_EXPENSES,B1+B2+B3,"B1,B2,B3","0.7,0.3,0.0",0.985981924528838
Q0_OPERATING_EXPENSES,B1+B2+B3,"B1,B2,B3","0.8,0.0,0.2",0.9786268243044773
Q0_OPERATING_EXPENSES,B1+B2+B3,"B1,B2,B3","0.8,0.1,0.1",0.98506256715856
Q0_OPERATING_EXPENSES,B1+B2+B3,"B1,B2,B3","0.8,0.2,0.0",0.9869645992734672
Q0_OPERATING_EXPENSES,B1+B2+B3,"B1,B2,B3","0.9,0.0,0.1",0.9807655059671936
Q0_OPERATING_EXPENSES,B1+B2+B3,"B1,B2,B3","0.9,0.1,0.0",0.9856824741950682
Q0_OPERATING_EXPENSES,B1+B2+B3,"B1,B2,B3","1.0,0.0,0.0",0.982135549293641
Q0_EBITDA,B1,B1,1.0,0.9591351799008979
Q0_EBITDA,B2,B2,1.0,0.3198233430555094
Q0_EBITDA,B3,B3,1.0,0.740849689785668
Q0_EBITDA,B1+B2,"B1,B2","0.0,1.0",0.3198233430555094
Q0_EBITDA,B1+B2,"B1,B2","0.1,0.9",0.4467539696443067
Q0_EBITDA,B1+B2,"B1,B2","0.2,0.8",0.5596847200321577
Q0_EBITDA,B1+B2,"B1,B2","0.3,0.7",0.6586155942190625
Q0_EBITDA,B1+B2,"B1,B2","0.4,0.6",0.7435465922050208
Q0_EBITDA,B1+B2,"B1,B2","0.5,0.5",0.8144777139900328
Q0_EBITDA,B1+B2,"B1,B2","0.6,0.4",0.8714089595740985
Q0_EBITDA,B1+B2,"B1,B2","0.7,0.3",0.9143403289572178
Q0_EBITDA,B1+B2,"B1,B2","0.8,0.2",0.9432718221393909
Q0_EBITDA,B1+B2,"B1,B2","0.9,0.1",0.9582034391206176
Q0_EBITDA,B1+B2,"B1,B2","1.0,0.0",0.9591351799008979
Q0_EBITDA,B1+B3,"B1,B3","0.0,1.0",0.740849689785668
Q0_EBITDA,B1+B3,"B1,B3","0.1,0.9",0.7810887946467389
Q0_EBITDA,B1+B3,"B1,B3","0.2,0.8",0.8172366648745769
Q0_EBITDA,B1+B3,"B1,B3","0.3,0.7",0.849293300469182
Q0_EBITDA,B1+B3,"B1,B3","0.4,0.6",0.8772587014305544
Q0_EBITDA,B1+B3,"B1,B3","0.5,0.5",0.9011328677586938
Q0_EBITDA,B1+B3,"B1,B3","0.6,0.4",0.9209157994536004
Q0_EBITDA,B1+B3,"B1,B3","0.7,0.3",0.9366074965152741
Q0_EBITDA,B1+B3,"B1,B3","0.8,0.2",0.9482079589437149
Q0_EBITDA,B1+B3,"B1,B3","0.9,0.1",0.9557171867389228
Q0_EBITDA,B1+B3,"B1,B3","1.0,0.0",0.9591351799008979
Q0_EBITDA,B1+B2+B3,"B1,B2,B3","0.0,0.0,1.0",0.740849689785668
Q0_EBITDA,B1+B2+B3,"B1,B2,B3","0.0,0.1,0.9",0.8420544184705323
Q0_EBITDA,B1+B2+B3,"B1,B2,B3","0.0,0.2,0.8",0.9114130664092008
Q0_EBITDA,B1+B2+B3,"B1,B2,B3","0.0,0.3,0.7",0.948925633601674
Q0_EBITDA,B1+B2+B3,"B1,B2,B3","0.0,0.4,0.6",0.9545921200479515
Q0_EBITDA,B1+B2+B3,"B1,B2,B3","0.0,0.5,0.5",0.9284125257480333
Q0_EBITDA,B1+B2+B3,"B1,B2,B3","0.0,0.6,0.4",0.8703868507019198
Q0_EBITDA,B1+B2+B3,"B1,B2,B3","0.0,0.7,0.3",0.7805150949096105
Q0_EBITDA,B1+B2+B3,"B1,B2,B3","0.0,0.8,0.2",0.6587972583711057
Q0_EBITDA,B1+B2+B3,"B1,B2,B3","0.0,0.9,0.1",0.5052333410864054
Q0_EBITDA,B1+B2+B3,"B1,B2,B3","0.0,1.0,0.0",0.3198233430555094
Q0_EBITDA,B1+B2+B3,"B1,B2,B3","0.1,0.0,0.9",0.7810887946467389
Q0_EBITDA,B1+B2+B3,"B1,B2,B3","0.1,0.1,0.8",0.8713248037423621
Q0_EBITDA,B1+B2+B3,"B1,B2,B3","0.1,0.2,0.7",0.9297147320917897
Q0_EBITDA,B1+B2+B3,"B1,B2,B3","0.1,0.3,0.6",0.9562585796950217
Q0_EBITDA,B1+B2+B3,"B1,B2,B3","0.1,0.4,0.5",0.9509563465520582
Q0_EBITDA,B1+B2+B3,"B1,B2,B3","0.1,0.5,0.4",0.913808032662899
Q0_EBITDA,B1+B2+B3,"B1,B2,B3","0.1,0.6,0.3",0.8448136380275443
Q0_EBITDA,B1+B2+B3,"B1,B2,B3","0.1,0.7,0.2",0.743973162645994
Q0_EBITDA,B1+B2+B3,"B1,B2,B3","0.1,0.8,0.1",0.6112866065182483
Q0_EBITDA,B1+B2+B3,"B1,B2,B3","0.1,0.9,0.0",0.4467539696443067
Q0_EBITDA,B1+B2+B3,"B1,B2,B3","0.2,0.0,0.8",0.8172366648745769
Q0_EBITDA,B1+B2+B3,"B1,B2,B3","0.2,0.1,0.7",0.8965039543809591
Q0_EBITDA,B1+B2+B3,"B1,B2,B3","0.2,0.2,0.6",0.9439251631411456
Q0_EBITDA,B1+B2+B3,"B1,B2,B3","0.2,0.3,0.5",0.9595002911551366
Q0_EBITDA,B1+B2+B3,"B1,B2,B3","0.2,0.4,0.4",0.943229338422932
Q0_EBITDA,B1+B2+B3,"B1,B2,B3","0.2,0.5,0.3",0.8951123049445318
Q0_EBITDA,B1+B2+B3,"B1,B2,B3","0.2,0.6,0.2",0.815149190719936
Q0_EBITDA,B1+B2+B3,"B1,B2,B3","0.2,0.7,0.1",0.7033399957491447
Q0_EBITDA,B1+B2+B3,"B1,B2,B3","0.2,0.8,0.0",0.5596847200321577
Q0_EBITDA,B1+B2+B3,"B1,B2,B3","0.3,0.0,0.7",0.849293300469182
Q0_EBITDA,B1+B2+B3,"B1,B2,B3","0.3,0.1,0.6",0.9175918703863232
Q0_EBITDA,B1+B2+B3,"B1,B2,B3","0.3,0.2,0.5",0.9540443595572686
Q0_EBITDA,B1+B2+B3,"B1,B2,B3","0.3,0.3,0.4",0.9586507679820185
Q0_EBITDA,B1+B2+B3,"B1,B2,B3","0.3,0.4,0.3",0.9314110956605729
Q0_EBITDA,B1+B2+B3,"B1,B2,B3","0.3,0.5,0.2",0.8723253425929316
Q0_EBITDA,B1+B2+B3,"B1,B2,B3","0.3,0.6,0.1",0.7813935087790949
Q0_EBITDA,B1+B2+B3,"B1,B2,B3","0.3,0.7,0.0",0.6586155942190625
Q0_EBITDA,B1+B2+B3,"B1,B2,B3","0.4,0.0,0.6",0.8772587014305544
Q0_EBITDA,B1+B2+B3,"B1,B2,B3","0.4,0.1,0.5",0.9345885517584545
Q0_EBITDA,B1+B2+B3,"B1,B2,B3","0.4,0.2,0.4",0.9600723213401589
Q0_EBITDA,B1+B2+B3,"B1,B2,B3","0.4,0.3,0.3",0.9537100101756677
Q0_EBITDA,B1+B2+B3,"B1,B2,B3","0.4,0.4,0.2",0.915501618264981
Q0_EBITDA,B1+B2+B3,"B1,B2,B3","0.4,0.5,0.1",0.8454471456080986
Q0_EBITDA,B1+B2+B3,"B1,B2,B3","0.4,0.6,0.0",0.7435465922050208
Q0_EBITDA,B1+B2+B3,"B1,B2,B3","0.5,0.0,0.5",0.9011328677586938
Q0_EBITDA,B1+B2+B3,"B1,B2,B3","0.5,0.1,0.4",0.9474939984973527
Q0_EBITDA,B1+B2+B3,"B1,B2,B3","0.5,0.2,0.3",0.9620090484898162
Q0_EBITDA,B1+B2+B3,"B1,B2,B3","0.5,0.3,0.2",0.944678017736084
Q0_EBITDA,B1+B2+B3,"B1,B2,B3","0.5,0.4,0.1",0.8955009062361562
Q0_EBITDA,B1+B2+B3,"B1,B2,B3","0.5,0.5,0.0",0.8144777139900328
Q0_EBITDA,B1+B2+B3,"B1,B2,B3","0.6,0.0,0.4",0.9209157994536004
Q0_EBITDA,B1+B2+B3,"B1,B2,B3","0.6,0.1,0.3",0.9563082106030183
Q0_EBITDA,B1+B2+B3,"B1,B2,B3","0.6,0.2,0.2",0.9598545410062406
Q0_EBITDA,B1+B2+B3,"B1,B2,B3","0.6,0.3,0.1",0.9315547906632673
Q0_EBITDA,B1+B2+B3,"B1,B2,B3","0.6,0.4,0.0",0.8714089595740985
Q0_EBITDA,B1+B2+B3,"B1,B2,B3","0.7,0.0,0.3",0.9366074965152741
Q0_EBITDA,B1+B2+B3,"B1,B2,B3","0.7,0.1,0.2",0.961031188075451
Q0_EBITDA,B1+B2+B3,"B1,B2,B3","0.7,0.2,0.1",0.9536087988894322
Q0_EBITDA,B1+B2+B3,"B1,B2,B3","0.7,0.3,0.0",0.9143403289572178
Q0_EBITDA,B1+B2+B3,"B1,B2,B3","0.8,0.0,0.2",0.9482079589437149
Q0_EBITDA,B1+B2+B3,"B1,B2,B3","0.8,0.1,0.1",0.9616629309146507
Q0_EBITDA,B1+B2+B3,"B1,B2,B3","0.8,0.2,0.0",0.9432718221393909
Q0_EBITDA,B1+B2+B3,"B1,B2,B3","0.9,0.0,0.1",0.9557171867389228
Q0_EBITDA,B1+B2+B3,"B1,B2,B3","0.9,0.1,0.0",0.9582034391206176
Q0_EBITDA,B1+B2+B3,"B1,B2,B3","1.0,0.0,0.0",0.9591351799008979
